Quarter,Airport Code,City,State,Average Fare ($),Adj Average Fare ($),Passengers (2024 Benchmark)
Q4_2019,ADK,Adak Island,AK,1028.5,1262.1,57.0
Q4_2019,ANC,Anchorage,AK,494.67,607.03,113291.0
Q4_2019,BRW,Barrow,AK,505.97,620.9,1914.0
Q4_2019,BET,Bethel,AK,365.03,447.94,5442.0
Q4_2019,CYF,Chefornak,AK,895.0,1098.28,
Q4_2019,CDB,Cold Bay,AK,890.6,1092.88,5.0
Q4_2019,CDV,Cordova,AK,394.8,484.47,811.0
Q4_2019,SCC,Deadhorse,AK,422.95,519.02,1933.0
Q4_2019,DLG,Dillingham,AK,885.16,1086.21,1385.0
Q4_2019,FAI,Fairbanks,AK,456.36,560.02,27618.0
Q4_2019,GAL,Galena,AK,681.0,835.67,
Q4_2019,HOM,Homer,AK,572.9,703.02,66.0
Q4_2019,JNU,Juneau,AK,435.11,533.94,14056.0
Q4_2019,ENA,Kenai,AK,672.34,825.05,
Q4_2019,KTN,Ketchikan,AK,472.61,579.95,5377.0
Q4_2019,AKN,King Salmon,AK,750.24,920.64,959.0
Q4_2019,ADQ,Kodiak,AK,498.56,611.79,3500.0
Q4_2019,OTZ,Kotzebue,AK,442.49,542.99,2107.0
Q4_2019,OME,Nome,AK,530.59,651.1,2311.0
Q4_2019,PSG,Petersburg,AK,451.39,553.91,1000.0
Q4_2019,SDP,Sandpoint,AK,937.9,1150.93,1.0
Q4_2019,SHH,Shishmaref,AK,520.0,638.11,
Q4_2019,SIT,Sitka,AK,443.81,544.62,3745.0
Q4_2019,DUT,Unalaska,AK,1071.5,1314.87,64.0
Q4_2019,VDZ,Valdez,AK,704.88,864.97,12.0
Q4_2019,WRG,Wrangell,AK,383.13,470.15,631.0
Q4_2019,YAK,Yakutat,AK,430.37,528.12,370.0
Q4_2019,BHM,Birmingham,AL,444.45,545.4,87795.0
Q4_2019,DHN,Dothan,AL,623.98,765.71,1974.0
Q4_2019,HSV,Huntsville,AL,527.35,647.13,44464.0
Q4_2019,MOB,Mobile,AL,472.63,579.98,15611.0
Q4_2019,BFM,Mobile,AL,112.87,138.5,371.0
Q4_2019,MGM,Montgomery,AL,533.35,654.49,10260.0
Q4_2019,MSL,Muscle Shoals,AL,343.21,421.17,91.0
Q4_2019,ELD,El Dorado,AR,489.0,600.07,24.0
Q4_2019,XNA,Fayetteville,AR,469.38,575.99,60392.0
Q4_2019,FSM,Fort Smith,AR,517.61,635.18,3187.0
Q4_2019,HRO,Harrison,AR,278.0,341.14,30.0
Q4_2019,HOT,Hot Springs,AR,532.0,652.83,39.0
Q4_2019,LIT,Little Rock,AR,414.07,508.11,63818.0
Q4_2019,TXK,Texarkana,AR,514.05,630.8,2325.0
Q4_2019,FLG,Flagstaff,AZ,416.99,511.7,3507.0
Q4_2019,PGA,Page,AZ,404.0,495.76,143.0
Q4_2019,PHX,Phoenix,AZ,346.1,424.7,825399.0
Q4_2019,AZA,Phoenix,AZ,152.35,186.95,40330.0
Q4_2019,PRC,Prescott,AZ,494.41,606.7,525.0
Q4_2019,SOW,Show Low,AZ,435.08,533.9,62.0
Q4_2019,TUS,Tucson,AZ,390.91,479.69,102184.0
Q4_2019,YUM,Yuma,AZ,456.05,559.63,4071.0
Q4_2019,ACV,Arcata/Eureka,CA,518.49,636.26,7528.0
Q4_2019,BFL,Bakersfield,CA,521.61,640.08,11994.0
Q4_2019,BUR,Burbank,CA,289.25,354.95,183243.0
Q4_2019,IPL,El Centro,CA,364.5,447.29,141.0
Q4_2019,FAT,Fresno,CA,405.33,497.39,65689.0
Q4_2019,LGB,Long Beach,CA,242.11,297.1,102848.0
Q4_2019,LAX,Los Angeles,CA,372.1,456.62,1284083.0
Q4_2019,MMH,Mammoth Lakes,CA,251.44,308.55,
Q4_2019,MCE,Merced,CA,449.6,551.72,
Q4_2019,MRY,Monterey,CA,423.11,519.2,14130.0
Q4_2019,OAK,Oakland,CA,309.48,379.77,268902.0
Q4_2019,ONT,Ontario,CA,332.79,408.38,198746.0
Q4_2019,PSP,Palm Springs,CA,386.74,474.58,52513.0
Q4_2019,RDD,Redding,CA,502.48,616.61,5149.0
Q4_2019,SMF,Sacramento,CA,337.44,414.08,367629.0
Q4_2019,SAN,San Diego,CA,337.79,414.51,596023.0
Q4_2019,SFO,San Francisco,CA,420.22,515.67,844286.0
Q4_2019,SJC,San Jose,CA,304.39,373.52,305263.0
Q4_2019,SBP,San Luis Obispo,CA,501.13,614.95,19797.0
Q4_2019,SNA,Santa Ana,CA,401.61,492.82,254126.0
Q4_2019,SBA,Santa Barbara,CA,444.86,545.9,36080.0
Q4_2019,SMX,Santa Maria,CA,117.07,143.66,739.0
Q4_2019,STS,Santa Rosa,CA,326.36,400.49,21711.0
Q4_2019,SCK,Stockton,CA,155.79,191.18,3948.0
Q4_2019,ALS,Alamosa,CO,480.0,589.02,295.0
Q4_2019,ASE,Aspen,CO,565.37,693.79,11153.0
Q4_2019,COS,Colorado Springs,CO,389.56,478.04,67750.0
Q4_2019,CEZ,Cortez,CO,402.39,493.78,98.0
Q4_2019,DEN,Denver,CO,309.89,380.28,1023630.0
Q4_2019,DRO,Durango,CO,548.68,673.31,11912.0
Q4_2019,EGE,Eagle,CO,506.15,621.11,7923.0
Q4_2019,GJT,Grand Junction,CO,455.33,558.75,13880.0
Q4_2019,GUC,Gunnison,CO,577.03,708.08,1725.0
Q4_2019,HDN,Hayden,CO,489.44,600.61,6709.0
Q4_2019,MTJ,Montrose/Delta,CO,464.89,570.48,10218.0
Q4_2019,PUB,Pueblo,CO,462.12,567.08,86.0
Q4_2019,TEX,Telluride,CO,678.22,832.26,162.0
Q4_2019,BDL,Hartford,CT,385.81,473.44,210677.0
Q4_2019,HVN,New Haven,CT,395.71,485.59,45855.0
Q4_2019,IAD,Washington-Dulles,DC,465.52,571.25,316263.0
Q4_2019,DCA,Washington-Reagan National,DC,377.07,462.71,547638.0
Q4_2019,DAB,Daytona Beach,FL,421.23,516.9,16860.0
Q4_2019,FLL,Fort Lauderdale,FL,250.21,307.03,585196.0
Q4_2019,RSW,Fort Myers,FL,315.77,387.49,215751.0
Q4_2019,GNV,Gainesville,FL,453.87,556.96,16639.0
Q4_2019,JAX,Jacksonville,FL,344.97,423.33,190561.0
Q4_2019,EYW,Key West,FL,410.18,503.34,16616.0
Q4_2019,MLB,Melbourne,FL,444.42,545.36,12470.0
Q4_2019,MIA,Miami,FL,324.4,398.08,478084.0
Q4_2019,MCO,Orlando,FL,252.15,309.42,845562.0
Q4_2019,ECP,Panama City,FL,401.73,492.98,33188.0
Q4_2019,PNS,Pensacola,FL,422.97,519.04,72946.0
Q4_2019,PGD,Punta Gorda,FL,151.17,185.51,37063.0
Q4_2019,SFB,Sanford,FL,131.14,160.93,48131.0
Q4_2019,SRQ,Sarasota/Bradenton,FL,339.31,416.38,86365.0
Q4_2019,PIE,St. Petersburg,FL,134.69,165.28,48668.0
Q4_2019,TLH,Tallahassee,FL,517.18,634.65,25686.0
Q4_2019,TPA,Tampa,FL,306.84,376.53,534514.0
Q4_2019,VPS,Valparaiso,FL,402.34,493.72,38296.0
Q4_2019,PBI,West Palm Beach/Palm Beach,FL,334.75,410.78,207211.0
Q4_2019,ABY,Albany,GA,581.95,714.13,1697.0
Q4_2019,ATL,Atlanta,GA,367.97,451.54,1012618.0
Q4_2019,AGS,Augusta,GA,444.65,545.64,17458.0
Q4_2019,BQK,Brunswick,GA,498.42,611.62,1856.0
Q4_2019,CSG,Columbus,GA,523.88,642.86,3020.0
Q4_2019,SAV,Savannah,GA,368.47,452.17,85268.0
Q4_2019,VLD,Valdosta,GA,583.76,716.35,2803.0
Q4_2019,ITO,Hilo,HI,259.56,318.51,37948.0
Q4_2019,HNL,Honolulu,HI,340.27,417.56,355128.0
Q4_2019,MKK,Hoolehua,HI,196.47,241.09,39.0
Q4_2019,OGG,Kahului,HI,258.59,317.33,112368.0
Q4_2019,JHM,Kapalua,HI,269.66,330.9,6.0
Q4_2019,KOA,Kona,HI,258.78,317.56,75880.0
Q4_2019,LNY,Lanai,HI,439.26,539.03,16.0
Q4_2019,LIH,Lihue,HI,256.47,314.72,66233.0
Q4_2019,CID,Cedar Rapids/Iowa City,IA,413.73,507.7,46040.0
Q4_2019,DSM,Des Moines,IA,392.8,482.02,91115.0
Q4_2019,DBQ,Dubuque,IA,548.15,672.65,388.0
Q4_2019,SUX,Sioux City,IA,442.73,543.28,1055.0
Q4_2019,ALO,Waterloo,IA,497.13,610.05,493.0
Q4_2019,BOI,Boise,ID,353.9,434.28,135151.0
Q4_2019,IDA,Idaho Falls,ID,521.73,640.23,17151.0
Q4_2019,LWS,Lewiston,ID,551.82,677.15,3448.0
Q4_2019,PIH,Pocatello,ID,610.13,748.71,1386.0
Q4_2019,SUN,Sun Valley/Hailey/Ketchum,ID,535.63,657.29,4889.0
Q4_2019,TWF,Twin Falls,ID,629.02,771.89,1848.0
Q4_2019,BLV,Belleville,IL,171.62,210.6,11114.0
Q4_2019,BMI,Bloomington/Normal,IL,374.84,459.98,9540.0
Q4_2019,CMI,Champaign/Urbana,IL,545.59,669.51,4867.0
Q4_2019,MDW,Chicago-Midway,IL,307.49,377.33,349329.0
Q4_2019,ORD,Chicago-O'Hare,IL,345.6,424.09,1089038.0
Q4_2019,DEC,Decatur,IL,421.45,517.17,596.0
Q4_2019,MWA,Marion/Herrin,IL,460.65,565.28,227.0
Q4_2019,MLI,Moline,IL,387.84,475.93,20094.0
Q4_2019,PIA,Peoria,IL,371.84,456.3,22607.0
Q4_2019,UIN,Quincy,IL,432.5,530.73,105.0
Q4_2019,RFD,Rockford,IL,201.13,246.81,9435.0
Q4_2019,SPI,Springfield,IL,403.96,495.71,3455.0
Q4_2019,EVV,Evansville,IN,447.43,549.05,10601.0
Q4_2019,FWA,Fort Wayne,IN,402.31,493.69,26685.0
Q4_2019,IND,Indianapolis,IN,363.36,445.89,289135.0
Q4_2019,SBN,South Bend,IN,397.79,488.14,27926.0
Q4_2019,DDC,Dodge City,KS,423.95,520.24,384.0
Q4_2019,GCK,Garden City,KS,490.78,602.26,1613.0
Q4_2019,HYS,Hays,KS,490.69,602.14,735.0
Q4_2019,LBL,Liberal,KS,450.75,553.13,386.0
Q4_2019,MHK,Manhattan/Ft. Riley,KS,523.62,642.54,4941.0
Q4_2019,SLN,Salina,KS,476.66,584.93,764.0
Q4_2019,ICT,Wichita,KS,396.01,485.96,50450.0
Q4_2019,LEX,Lexington,KY,418.46,513.5,42439.0
Q4_2019,SDF,Louisville,KY,378.6,464.59,122639.0
Q4_2019,OWB,Owensboro,KY,142.78,175.2,129.0
Q4_2019,PAH,Paducah,KY,531.44,652.15,376.0
Q4_2019,AEX,Alexandria,LA,510.56,626.53,5014.0
Q4_2019,BTR,Baton Rouge,LA,460.24,564.78,22788.0
Q4_2019,LFT,Lafayette,LA,476.86,585.17,14541.0
Q4_2019,LCH,Lake Charles,LA,539.08,661.52,5431.0
Q4_2019,MLU,Monroe,LA,502.01,616.03,6137.0
Q4_2019,MSY,New Orleans,LA,290.51,356.5,268725.0
Q4_2019,SHV,Shreveport,LA,494.36,606.65,19446.0
Q4_2019,BOS,Boston,MA,344.63,422.9,986868.0
Q4_2019,HYA,Hyannis,MA,492.4,604.24,950.0
Q4_2019,MVY,Martha's Vineyard,MA,373.86,458.77,3230.0
Q4_2019,ACK,Nantucket,MA,386.85,474.72,5436.0
Q4_2019,PVC,Provincetown,MA,544.75,668.48,94.0
Q4_2019,ORH,Worcester,MA,312.05,382.93,9491.0
Q4_2019,BWI,Baltimore,MD,324.13,397.74,489183.0
Q4_2019,HGR,Hagerstown,MD,164.4,201.74,2783.0
Q4_2019,SBY,Salisbury,MD,461.49,566.31,3343.0
Q4_2019,AUG,Augusta/Waterville,ME,374.92,460.07,161.0
Q4_2019,BGR,Bangor,ME,390.89,479.68,19034.0
Q4_2019,BHB,Bar Harbor,ME,464.33,569.8,193.0
Q4_2019,PWM,Portland,ME,368.68,452.41,65280.0
Q4_2019,PQI,Presque Isle/Houlton,ME,483.96,593.88,1349.0
Q4_2019,RKD,Rockland,ME,443.75,544.54,152.0
Q4_2019,APN,Alpena,MI,524.16,643.21,707.0
Q4_2019,DTW,Detroit,MI,381.97,468.73,572843.0
Q4_2019,ESC,Escanaba,MI,455.13,558.5,951.0
Q4_2019,FNT,Flint,MI,345.86,424.41,19789.0
Q4_2019,GRR,Grand Rapids,MI,369.69,453.65,122792.0
Q4_2019,CMX,Hancock/Houghton,MI,547.5,671.85,1092.0
Q4_2019,IMT,Iron Mountain/Kingsfd,MI,426.15,522.94,1197.0
Q4_2019,AZO,Kalamazoo,MI,465.05,570.68,5637.0
Q4_2019,LAN,Lansing,MI,433.62,532.11,6720.0
Q4_2019,MQT,Marquette,MI,512.72,629.18,2316.0
Q4_2019,MKG,Muskegon,MI,414.54,508.7,107.0
Q4_2019,PLN,Pellston,MI,585.75,718.79,1430.0
Q4_2019,MBS,Saginaw/Bay City/Midland,MI,532.78,653.79,6283.0
Q4_2019,CIU,Sault Ste. Marie,MI,559.74,686.87,1670.0
Q4_2019,TVC,Traverse City,MI,448.68,550.59,19320.0
Q4_2019,BJI,Bemidji,MN,551.2,676.39,1737.0
Q4_2019,BRD,Brainerd,MN,577.88,709.13,964.0
Q4_2019,DLH,Duluth,MN,446.93,548.44,7375.0
Q4_2019,HIB,Hibbing,MN,554.29,680.19,660.0
Q4_2019,INL,International Falls,MN,520.58,638.82,580.0
Q4_2019,MKT,Mankato,MN,138.0,169.34,
Q4_2019,MSP,Minneapolis,MN,362.92,445.34,657943.0
Q4_2019,RST,Rochester,MN,394.93,484.63,4832.0
Q4_2019,STC,St. Cloud,MN,205.93,252.71,1726.0
Q4_2019,TVF,Thief River Falls,MN,457.47,561.38,96.0
Q4_2019,BKG,Branson,MO,92.85,113.94,105.0
Q4_2019,CGI,Cape Girardeau,MO,468.06,574.37,155.0
Q4_2019,COU,Columbia,MO,437.33,536.66,5375.0
Q4_2019,TBN,Fort Leonard Wood,MO,338.42,415.29,177.0
Q4_2019,JLN,Joplin,MO,463.62,568.92,681.0
Q4_2019,MCI,Kansas City,MO,371.99,456.48,297424.0
Q4_2019,IRK,Kirksville,MO,385.87,473.51,133.0
Q4_2019,SGF,Springfield,MO,421.25,516.92,37755.0
Q4_2019,STL,St. Louis,MO,362.83,445.24,317689.0
Q4_2019,GTR,Columbus,MS,560.93,688.33,2412.0
Q4_2019,GLH,Greenville,MS,596.0,731.37,61.0
Q4_2019,GPT,Gulfport/Biloxi,MS,425.1,521.66,16550.0
Q4_2019,PIB,Hattiesburg/Laurel,MS,372.56,457.18,484.0
Q4_2019,JAN,Jackson/Vicksburg,MS,492.46,604.31,35868.0
Q4_2019,MEI,Meridian,MS,433.9,532.45,844.0
Q4_2019,TUP,Tupelo,MS,427.33,524.39,126.0
Q4_2019,BIL,Billings,MT,440.33,540.34,25278.0
Q4_2019,BZN,Bozeman,MT,434.78,533.53,56214.0
Q4_2019,BTM,Butte,MT,514.33,631.16,907.0
Q4_2019,GGW,Glasgow,MT,366.0,449.13,12.0
Q4_2019,GDV,Glendive,MT,552.8,678.36,29.0
Q4_2019,GTF,Great Falls,MT,418.9,514.04,10663.0
Q4_2019,HVR,Havre,MT,424.5,520.92,14.0
Q4_2019,HLN,Helena,MT,491.35,602.96,5609.0
Q4_2019,FCA,Kalispell,MT,429.94,527.59,21498.0
Q4_2019,MSO,Missoula,MT,420.19,515.63,25558.0
Q4_2019,SDY,Sidney,MT,496.33,609.07,67.0
Q4_2019,WYS,West Yellowstone,MT,369.43,453.34,259.0
Q4_2019,OLF,Wolf Point,MT,380.0,466.31,19.0
Q4_2019,AVL,Asheville,NC,307.33,377.14,52773.0
Q4_2019,CLT,Charlotte,NC,396.25,486.25,446301.0
Q4_2019,USA,Concord,NC,125.64,154.17,6582.0
Q4_2019,FAY,Fayetteville,NC,444.17,545.05,10527.0
Q4_2019,GSO,Greensboro/High Point,NC,414.56,508.72,52146.0
Q4_2019,PGV,Greenville,NC,428.93,526.36,2490.0
Q4_2019,OAJ,Jacksonville/Camp Lejeune,NC,421.03,516.65,8903.0
Q4_2019,EWN,New Bern/Morehead/Beaufort,NC,423.87,520.14,5024.0
Q4_2019,RDU,Raleigh/Durham,NC,330.31,405.33,403082.0
Q4_2019,ILM,Wilmington,NC,432.98,531.32,38008.0
Q4_2019,BIS,Bismarck/Mandan,ND,437.69,537.11,17904.0
Q4_2019,DVL,Devils Lake,ND,474.4,582.16,390.0
Q4_2019,DIK,Dickinson,ND,587.46,720.89,1442.0
Q4_2019,FAR,Fargo,ND,439.21,538.96,32694.0
Q4_2019,GFK,Grand Forks,ND,452.32,555.06,5419.0
Q4_2019,JMS,Jamestown,ND,489.0,600.07,407.0
Q4_2019,MOT,Minot,ND,449.56,551.66,10415.0
Q4_2019,XWA,Williston,ND,623.31,764.88,6630.0
Q4_2019,ISN,Williston,ND,645.37,791.95,
Q4_2019,AIA,Alliance,NE,618.5,758.98,92.0
Q4_2019,CDR,Chadron,NE,329.73,404.62,29.0
Q4_2019,GRI,Grand Island,NE,308.04,378.01,3849.0
Q4_2019,EAR,Kearney,NE,474.32,582.05,618.0
Q4_2019,LNK,Lincoln,NE,481.37,590.71,6629.0
Q4_2019,MCK,McCook,NE,524.4,643.51,67.0
Q4_2019,LBF,North Platte,NE,502.54,616.68,919.0
Q4_2019,OMA,Omaha,NE,379.88,466.16,143403.0
Q4_2019,BFF,Scottsbluff,NE,480.7,589.89,635.0
Q4_2019,LEB,Lebanon-Hanover,NH,376.29,461.76,231.0
Q4_2019,MHT,Manchester,NH,389.6,478.08,37031.0
Q4_2019,PSM,Portsmouth,NH,225.89,277.19,3847.0
Q4_2019,ACY,Atlantic City,NJ,146.56,179.85,28530.0
Q4_2019,EWR,Newark,NJ,411.96,505.53,940299.0
Q4_2019,TTN,Trenton,NJ,132.47,162.56,16828.0
Q4_2019,ABQ,Albuquerque,NM,369.28,453.15,133295.0
Q4_2019,CNM,Carlsbad,NM,576.0,706.83,
Q4_2019,CVN,Clovis,NM,392.74,481.94,247.0
Q4_2019,HOB,Hobbs,NM,500.69,614.42,1481.0
Q4_2019,ROW,Roswell,NM,510.73,626.73,2702.0
Q4_2019,SAF,Santa Fe,NM,433.13,531.5,7660.0
Q4_2019,EKO,Elko,NV,618.2,758.61,773.0
Q4_2019,LAS,Las Vegas,NV,241.32,296.13,675568.0
Q4_2019,RNO,Reno,NV,342.79,420.65,109805.0
Q4_2019,ALB,Albany,NY,392.43,481.56,88845.0
Q4_2019,BGM,Binghamton,NY,496.56,609.34,1769.0
Q4_2019,BUF,Buffalo,NY,324.25,397.89,146872.0
Q4_2019,ELM,Elmira/Corning,NY,407.52,500.08,5534.0
Q4_2019,ISP,Islip,NY,266.49,327.02,42627.0
Q4_2019,ITH,Ithaca/Cortland,NY,489.8,601.05,3911.0
Q4_2019,MSS,Massena,NY,541.4,664.37,52.0
Q4_2019,JFK,New York-JFK,NY,428.12,525.36,750626.0
Q4_2019,LGA,New York-La Guardia,NY,354.24,434.69,795129.0
Q4_2019,SWF,Newburgh/Poughkeepsie,NY,321.14,394.07,6432.0
Q4_2019,IAG,Niagara Falls,NY,190.36,233.59,4190.0
Q4_2019,OGS,Ogdensburg,NY,296.47,363.81,204.0
Q4_2019,PBG,Plattsburgh,NY,228.88,280.87,6860.0
Q4_2019,ROC,Rochester,NY,373.61,458.47,81114.0
Q4_2019,SLK,Saranac Lake/Lake Placid,NY,388.45,476.68,86.0
Q4_2019,SYR,Syracuse,NY,364.47,447.25,94536.0
Q4_2019,ART,Watertown,NY,449.83,552.0,1484.0
Q4_2019,HPN,White Plains,NY,425.0,521.53,85416.0
Q4_2019,CAK,Akron,OH,361.31,443.37,25340.0
Q4_2019,CVG,Cincinnati,OH,335.96,412.27,254552.0
Q4_2019,CLE,Cleveland,OH,321.31,394.29,275340.0
Q4_2019,CMH,Columbus,OH,361.28,443.33,244751.0
Q4_2019,LCK,Columbus,OH,159.28,195.46,10393.0
Q4_2019,DAY,Dayton,OH,440.48,540.52,35189.0
Q4_2019,TOL,Toledo,OH,279.77,343.31,4355.0
Q4_2019,LAW,Lawton/Fort Sill,OK,494.15,606.39,2405.0
Q4_2019,OKC,Oklahoma City,OK,391.17,480.02,121164.0
Q4_2019,SWO,Stillwater,OK,462.55,567.61,2029.0
Q4_2019,TUL,Tulsa,OK,407.63,500.21,88037.0
Q4_2019,RDM,Bend/Redmond,OR,379.0,465.09,33127.0
Q4_2019,EUG,Eugene,OR,384.91,472.33,48046.0
Q4_2019,MFR,Medford,OR,372.4,456.99,28387.0
Q4_2019,OTH,North Bend/Coos Bay,OR,470.96,577.93,780.0
Q4_2019,PDT,Pendleton,OR,472.21,579.47,17.0
Q4_2019,PDX,Portland,OR,348.23,427.33,441785.0
Q4_2019,ABE,Allentown/Bethlehem/Easton,PA,347.88,426.89,29795.0
Q4_2019,AOO,Altoona,PA,641.0,786.59,134.0
Q4_2019,BFD,Bradford,PA,532.62,653.59,62.0
Q4_2019,DUJ,DuBois,PA,487.8,598.59,140.0
Q4_2019,ERI,Erie,PA,412.76,506.51,2916.0
Q4_2019,FKL,Franklin/Oil City,PA,446.0,547.3,
Q4_2019,MDT,Harrisburg,PA,407.86,500.5,42667.0
Q4_2019,JST,Johnstown,PA,324.8,398.57,813.0
Q4_2019,LNS,Lancaster,PA,233.0,285.92,320.0
Q4_2019,LBE,Latrobe,PA,135.3,166.03,5672.0
Q4_2019,PHL,Philadelphia,PA,370.51,454.67,618958.0
Q4_2019,PIT,Pittsburgh,PA,360.04,441.81,273272.0
Q4_2019,AVP,Scranton/Wilkes-Barre,PA,429.11,526.57,14115.0
Q4_2019,SCE,State College,PA,458.19,562.26,7557.0
Q4_2019,IPT,Williamsport,PA,461.9,566.82,39.0
Q4_2019,BQN,Aguadilla,PR,218.91,268.63,20736.0
Q4_2019,CPX,Culebra,PR,300.75,369.06,15.0
Q4_2019,MAZ,Mayaguez,PR,284.93,349.64,57.0
Q4_2019,PSE,Ponce,PR,251.8,308.99,8826.0
Q4_2019,SJU,San Juan,PR,268.84,329.91,262979.0
Q4_2019,VQS,Vieques,PR,444.8,545.83,59.0
Q4_2019,PVD,Providence,RI,337.63,414.32,123931.0
Q4_2019,CHS,Charleston,SC,354.46,434.97,144183.0
Q4_2019,CAE,Columbia,SC,448.87,550.82,35315.0
Q4_2019,FLO,Florence,SC,432.38,530.59,1496.0
Q4_2019,GSP,Greer,SC,395.88,485.79,74606.0
Q4_2019,HHH,Hilton Head,SC,454.29,557.48,3578.0
Q4_2019,MYR,Myrtle Beach,SC,282.67,346.87,67308.0
Q4_2019,ABR,Aberdeen,SD,576.4,707.32,1417.0
Q4_2019,PIR,Pierre,SD,493.49,605.58,507.0
Q4_2019,RAP,Rapid City,SD,442.31,542.77,20028.0
Q4_2019,FSD,Sioux Falls,SD,419.68,515.01,40697.0
Q4_2019,ATY,Watertown,SD,407.6,500.17,281.0
Q4_2019,TRI,Bristol/Johnson City/Kingsport,TN,487.06,597.68,12639.0
Q4_2019,CHA,Chattanooga,TN,422.99,519.06,31471.0
Q4_2019,TYS,Knoxville,TN,404.56,496.45,80983.0
Q4_2019,MEM,Memphis,TN,380.63,467.09,133439.0
Q4_2019,BNA,Nashville,TN,332.34,407.82,441195.0
Q4_2019,GUM,Guam,TT,1170.64,1436.52,4466.0
Q4_2019,PPG,Pago Pago,TT,1143.12,1402.76,1942.0
Q4_2019,SPN,Saipan,TT,388.03,476.16,1357.0
Q4_2019,ABI,Abilene,TX,525.68,645.07,5572.0
Q4_2019,AMA,Amarillo,TX,419.0,514.17,21618.0
Q4_2019,AUS,Austin,TX,345.1,423.48,472888.0
Q4_2019,BPT,Beaumont/Port Arthur,TX,477.97,586.53,2120.0
Q4_2019,BRO,Brownsville,TX,420.18,515.61,12172.0
Q4_2019,CLL,College Station/Bryan,TX,484.61,594.68,3669.0
Q4_2019,CRP,Corpus Christi,TX,463.84,569.19,19530.0
Q4_2019,DFW,Dallas-DFW,TX,401.39,492.56,894683.0
Q4_2019,DAL,Dallas-Love Field,TX,323.04,396.41,289935.0
Q4_2019,DRT,Del Rio,TX,429.3,526.8,
Q4_2019,ELP,El Paso,TX,372.71,457.36,120309.0
Q4_2019,HRL,Harlingen/San Benito,TX,329.89,404.82,29191.0
Q4_2019,HOU,Houston-Hobby,TX,336.73,413.21,229047.0
Q4_2019,IAH,Houston-Intercontinental,TX,406.5,498.83,627878.0
Q4_2019,GRK,Killeen,TX,416.93,511.62,5882.0
Q4_2019,LRD,Laredo,TX,414.66,508.84,9858.0
Q4_2019,GGG,Longview,TX,501.21,615.05,2190.0
Q4_2019,LBB,Lubbock,TX,417.6,512.45,30395.0
Q4_2019,MAF,Midland/Odessa,TX,468.75,575.21,41759.0
Q4_2019,MFE,Mission/McAllen/Edinburg,TX,414.01,508.05,39274.0
Q4_2019,SJT,San Angelo,TX,511.22,627.33,2754.0
Q4_2019,SAT,San Antonio,TX,364.01,446.68,261417.0
Q4_2019,TYR,Tyler,TX,467.92,574.19,3286.0
Q4_2019,VCT,Victoria,TX,483.97,593.9,783.0
Q4_2019,ACT,Waco,TX,561.91,689.53,3244.0
Q4_2019,SPS,Wichita Falls,TX,457.22,561.06,1907.0
Q4_2019,CDC,Cedar City,UT,374.94,460.1,732.0
Q4_2019,CNY,Moab,UT,419.14,514.34,241.0
Q4_2019,OGD,Ogden,UT,116.68,143.18,1155.0
Q4_2019,PVU,Provo,UT,120.64,148.04,27400.0
Q4_2019,SLC,Salt Lake City,UT,375.19,460.41,434499.0
Q4_2019,SGU,St. George,UT,408.24,500.97,7927.0
Q4_2019,VEL,Vernal,UT,488.05,598.9,303.0
Q4_2019,CHO,Charlottesville,VA,434.73,533.47,20466.0
Q4_2019,LYH,Lynchburg,VA,461.65,566.5,4980.0
Q4_2019,PHF,Newport News/Williamsburg,VA,472.1,579.32,3955.0
Q4_2019,ORF,Norfolk,VA,409.06,501.97,135070.0
Q4_2019,RIC,Richmond,VA,392.52,481.67,145166.0
Q4_2019,ROA,Roanoke,VA,456.83,560.59,21008.0
Q4_2019,SHD,Staunton,VA,477.85,586.38,349.0
Q4_2019,STT,Charlotte Amalie,VI,346.69,425.43,23386.0
Q4_2019,STX,Christiansted,VI,473.77,581.37,8986.0
Q4_2019,BTV,Burlington,VT,400.92,491.98,36575.0
Q4_2019,RUT,Rutland,VT,429.35,526.87,124.0
Q4_2019,BLI,Bellingham,WA,264.26,324.28,17664.0
Q4_2019,PAE,Everett,WA,296.88,364.31,19523.0
Q4_2019,PSC,Pasco/Kennewick/Richland,WA,422.29,518.2,27906.0
Q4_2019,PUW,Pullman,WA,392.3,481.4,3643.0
Q4_2019,SEA,Seattle,WA,350.05,429.56,880202.0
Q4_2019,GEG,Spokane,WA,352.55,432.63,112587.0
Q4_2019,ALW,Walla Walla,WA,369.57,453.51,1977.0
Q4_2019,EAT,Wenatchee,WA,429.79,527.4,2587.0
Q4_2019,YKM,Yakima,WA,449.55,551.65,2476.0
Q4_2019,ATW,Appleton,WI,433.97,532.54,35369.0
Q4_2019,EAU,Eau Claire,WI,458.1,562.15,1210.0
Q4_2019,GRB,Green Bay,WI,495.37,607.88,18187.0
Q4_2019,LSE,La Crosse,WI,453.39,556.37,1939.0
Q4_2019,MSN,Madison,WI,457.35,561.23,67201.0
Q4_2019,MKE,Milwaukee,WI,353.4,433.67,179994.0
Q4_2019,CWA,Mosinee,WI,487.54,598.28,5375.0
Q4_2019,RHI,Rhinelander,WI,545.09,668.89,1431.0
Q4_2019,HTS,Ashland,WV,260.94,320.21,6189.0
Q4_2019,BKW,Beckley,WV,429.0,526.44,206.0
Q4_2019,CRW,Charleston/Dunbar,WV,493.34,605.39,11747.0
Q4_2019,CKB,Clarksburg/Fairmont,WV,275.7,338.32,2195.0
Q4_2019,LWB,Lewisburg,WV,479.09,587.9,236.0
Q4_2019,MGW,Morgantown,WV,487.89,598.7,201.0
Q4_2019,PKB,Parkersburg,WV,593.0,727.69,174.0
Q4_2019,CPR,Casper,WY,553.19,678.84,5500.0
Q4_2019,CYS,Cheyenne,WY,381.55,468.21,1741.0
Q4_2019,COD,Cody,WY,555.96,682.24,1631.0
Q4_2019,GCC,Gillette,WY,573.79,704.11,1653.0
Q4_2019,JAC,Jackson,WY,569.86,699.3,16840.0
Q4_2019,LAR,Laramie,WY,517.0,634.43,961.0
Q4_2019,RIW,Riverton/Lander,WY,836.1,1026.0,1179.0
Q4_2019,RKS,Rock Springs,WY,513.96,630.7,1198.0
Q4_2019,SHR,Sheridan,WY,857.42,1052.17,1488.0
Q1_2020,ADK,Adak Island,AK,1168.26,1427.62,57.0
Q1_2020,ANC,Anchorage,AK,458.72,560.55,113291.0
Q1_2020,BRW,Barrow,AK,482.67,589.82,1914.0
Q1_2020,BET,Bethel,AK,367.21,448.73,5442.0
Q1_2020,CDB,Cold Bay,AK,1012.43,1237.19,5.0
Q1_2020,CDV,Cordova,AK,379.23,463.42,811.0
Q1_2020,SCC,Deadhorse,AK,419.82,513.02,1933.0
Q1_2020,DLG,Dillingham,AK,786.71,961.36,1385.0
Q1_2020,FAI,Fairbanks,AK,420.6,513.97,27618.0
Q1_2020,HOM,Homer,AK,593.77,725.59,66.0
Q1_2020,JNU,Juneau,AK,416.98,509.55,14056.0
Q1_2020,ENA,Kenai,AK,594.54,726.53,
Q1_2020,KTN,Ketchikan,AK,477.37,583.35,5377.0
Q1_2020,AKN,King Salmon,AK,846.25,1034.12,959.0
Q1_2020,ADQ,Kodiak,AK,500.26,611.32,3500.0
Q1_2020,OTZ,Kotzebue,AK,459.07,560.99,2107.0
Q1_2020,OME,Nome,AK,518.02,633.02,2311.0
Q1_2020,PSG,Petersburg,AK,405.03,494.95,1000.0
Q1_2020,SDP,Sandpoint,AK,729.0,890.84,1.0
Q1_2020,SIT,Sitka,AK,410.22,501.29,3745.0
Q1_2020,OOK,Toksook,AK,561.0,685.54,
Q1_2020,DUT,Unalaska,AK,1074.33,1312.84,64.0
Q1_2020,VDZ,Valdez,AK,666.38,814.32,12.0
Q1_2020,WRG,Wrangell,AK,342.02,417.95,631.0
Q1_2020,YAK,Yakutat,AK,437.13,534.17,370.0
Q1_2020,BHM,Birmingham,AL,424.36,518.57,87795.0
Q1_2020,DHN,Dothan,AL,562.0,686.77,1974.0
Q1_2020,HSV,Huntsville,AL,502.54,614.1,44464.0
Q1_2020,MOB,Mobile,AL,461.15,563.53,15611.0
Q1_2020,BFM,Mobile,AL,131.77,161.03,371.0
Q1_2020,MGM,Montgomery,AL,503.81,615.66,10260.0
Q1_2020,MSL,Muscle Shoals,AL,635.0,775.97,91.0
Q1_2020,ELD,El Dorado,AR,440.25,537.99,24.0
Q1_2020,XNA,Fayetteville,AR,447.23,546.52,60392.0
Q1_2020,FSM,Fort Smith,AR,514.46,628.68,3187.0
Q1_2020,HRO,Harrison,AR,288.33,352.34,30.0
Q1_2020,HOT,Hot Springs,AR,392.0,479.03,39.0
Q1_2020,LIT,Little Rock,AR,397.42,485.65,63818.0
Q1_2020,TXK,Texarkana,AR,539.74,659.56,2325.0
Q1_2020,FLG,Flagstaff,AZ,378.7,462.77,3507.0
Q1_2020,PGA,Page,AZ,626.4,765.46,143.0
Q1_2020,PHX,Phoenix,AZ,321.07,392.34,825399.0
Q1_2020,AZA,Phoenix,AZ,129.08,157.74,40330.0
Q1_2020,PRC,Prescott,AZ,490.25,599.09,525.0
Q1_2020,SOW,Show Low,AZ,480.25,586.87,62.0
Q1_2020,TUS,Tucson,AZ,349.23,426.76,102184.0
Q1_2020,YUM,Yuma,AZ,453.32,553.95,4071.0
Q1_2020,ACV,Arcata/Eureka,CA,467.39,571.15,7528.0
Q1_2020,BFL,Bakersfield,CA,441.03,538.94,11994.0
Q1_2020,BUR,Burbank,CA,267.98,327.47,183243.0
Q1_2020,CEC,Crescent City,CA,369.0,450.92,
Q1_2020,IPL,El Centro,CA,345.5,422.2,141.0
Q1_2020,FAT,Fresno,CA,373.67,456.62,65689.0
Q1_2020,LGB,Long Beach,CA,213.87,261.35,102848.0
Q1_2020,LAX,Los Angeles,CA,328.16,401.02,1284083.0
Q1_2020,MMH,Mammoth Lakes,CA,288.63,352.71,
Q1_2020,MCE,Merced,CA,453.8,554.55,
Q1_2020,MRY,Monterey,CA,377.38,461.15,14130.0
Q1_2020,OAK,Oakland,CA,280.62,342.91,268902.0
Q1_2020,ONT,Ontario,CA,318.71,389.47,198746.0
Q1_2020,PSP,Palm Springs,CA,352.47,430.72,52513.0
Q1_2020,RDD,Redding,CA,493.01,602.46,5149.0
Q1_2020,SMF,Sacramento,CA,308.99,377.59,367629.0
Q1_2020,SAN,San Diego,CA,303.99,371.47,596023.0
Q1_2020,SFO,San Francisco,CA,371.76,454.3,844286.0
Q1_2020,SJC,San Jose,CA,272.4,332.87,305263.0
Q1_2020,SBP,San Luis Obispo,CA,421.1,514.58,19797.0
Q1_2020,SNA,Santa Ana,CA,378.53,462.57,254126.0
Q1_2020,SBA,Santa Barbara,CA,405.74,495.82,36080.0
Q1_2020,SMX,Santa Maria,CA,112.89,137.95,739.0
Q1_2020,STS,Santa Rosa,CA,312.62,382.02,21711.0
Q1_2020,SCK,Stockton,CA,141.33,172.7,3948.0
Q1_2020,ALS,Alamosa,CO,478.28,584.46,295.0
Q1_2020,ASE,Aspen,CO,540.67,660.7,11153.0
Q1_2020,COS,Colorado Springs,CO,382.39,467.28,67750.0
Q1_2020,CEZ,Cortez,CO,407.87,498.42,98.0
Q1_2020,DEN,Denver,CO,295.96,361.66,1023630.0
Q1_2020,DRO,Durango,CO,482.8,589.98,11912.0
Q1_2020,EGE,Eagle,CO,560.43,684.85,7923.0
Q1_2020,GJT,Grand Junction,CO,387.96,474.09,13880.0
Q1_2020,GUC,Gunnison,CO,483.94,591.38,1725.0
Q1_2020,HDN,Hayden,CO,456.86,558.29,6709.0
Q1_2020,MTJ,Montrose/Delta,CO,428.31,523.39,10218.0
Q1_2020,PUB,Pueblo,CO,439.03,536.49,86.0
Q1_2020,TEX,Telluride,CO,684.77,836.79,162.0
Q1_2020,BDL,Hartford,CT,356.73,435.92,210677.0
Q1_2020,HVN,New Haven,CT,357.09,436.37,45855.0
Q1_2020,IAD,Washington-Dulles,DC,450.35,550.32,316263.0
Q1_2020,DCA,Washington-Reagan National,DC,359.93,439.83,547638.0
Q1_2020,DAB,Daytona Beach,FL,397.45,485.69,16860.0
Q1_2020,FLL,Fort Lauderdale,FL,242.55,296.39,585196.0
Q1_2020,RSW,Fort Myers,FL,281.74,344.29,215751.0
Q1_2020,GNV,Gainesville,FL,406.68,496.96,16639.0
Q1_2020,JAX,Jacksonville,FL,354.63,433.36,190561.0
Q1_2020,EYW,Key West,FL,389.7,476.21,16616.0
Q1_2020,MLB,Melbourne,FL,411.58,502.96,12470.0
Q1_2020,MIA,Miami,FL,314.31,384.09,478084.0
Q1_2020,MCO,Orlando,FL,239.79,293.02,845562.0
Q1_2020,ECP,Panama City,FL,388.97,475.33,33188.0
Q1_2020,PNS,Pensacola,FL,386.21,471.95,72946.0
Q1_2020,PGD,Punta Gorda,FL,129.62,158.39,37063.0
Q1_2020,SFB,Sanford,FL,115.78,141.48,48131.0
Q1_2020,SRQ,Sarasota/Bradenton,FL,316.98,387.35,86365.0
Q1_2020,PIE,St. Petersburg,FL,116.92,142.87,48668.0
Q1_2020,TLH,Tallahassee,FL,463.59,566.51,25686.0
Q1_2020,TPA,Tampa,FL,289.28,353.5,534514.0
Q1_2020,VPS,Valparaiso,FL,415.51,507.76,38296.0
Q1_2020,PBI,West Palm Beach/Palm Beach,FL,322.65,394.28,207211.0
Q1_2020,ABY,Albany,GA,510.17,623.43,1697.0
Q1_2020,ATL,Atlanta,GA,359.58,439.4,1012618.0
Q1_2020,AGS,Augusta,GA,430.9,526.56,17458.0
Q1_2020,BQK,Brunswick,GA,522.76,638.82,1856.0
Q1_2020,CSG,Columbus,GA,474.33,579.63,3020.0
Q1_2020,MCN,Macon,GA,426.0,520.57,2.0
Q1_2020,SAV,Savannah,GA,379.69,463.99,85268.0
Q1_2020,VLD,Valdosta,GA,592.22,723.69,2803.0
Q1_2020,ITO,Hilo,HI,178.11,217.65,37948.0
Q1_2020,HNL,Honolulu,HI,300.93,367.74,355128.0
Q1_2020,MKK,Hoolehua,HI,245.88,300.47,39.0
Q1_2020,OGG,Kahului,HI,271.48,331.75,112368.0
Q1_2020,JHM,Kapalua,HI,285.98,349.47,6.0
Q1_2020,KOA,Kona,HI,261.86,319.99,75880.0
Q1_2020,LNY,Lanai,HI,235.07,287.26,16.0
Q1_2020,LIH,Lihue,HI,244.11,298.3,66233.0
Q1_2020,CID,Cedar Rapids/Iowa City,IA,364.38,445.27,46040.0
Q1_2020,DSM,Des Moines,IA,366.55,447.92,91115.0
Q1_2020,DBQ,Dubuque,IA,494.98,604.86,388.0
Q1_2020,SUX,Sioux City,IA,441.42,539.42,1055.0
Q1_2020,ALO,Waterloo,IA,520.38,635.91,493.0
Q1_2020,BOI,Boise,ID,331.89,405.56,135151.0
Q1_2020,IDA,Idaho Falls,ID,488.46,596.9,17151.0
Q1_2020,LWS,Lewiston,ID,588.27,718.87,3448.0
Q1_2020,PIH,Pocatello,ID,586.91,717.2,1386.0
Q1_2020,SUN,Sun Valley/Hailey/Ketchum,ID,473.48,578.59,4889.0
Q1_2020,TWF,Twin Falls,ID,609.94,745.35,1848.0
Q1_2020,BLV,Belleville,IL,152.14,185.91,11114.0
Q1_2020,BMI,Bloomington/Normal,IL,354.51,433.22,9540.0
Q1_2020,CMI,Champaign/Urbana,IL,532.04,650.16,4867.0
Q1_2020,MDW,Chicago-Midway,IL,281.92,344.5,349329.0
Q1_2020,ORD,Chicago-O'Hare,IL,332.04,405.76,1089038.0
Q1_2020,DEC,Decatur,IL,364.49,445.4,596.0
Q1_2020,MWA,Marion/Herrin,IL,427.33,522.19,227.0
Q1_2020,MLI,Moline,IL,370.44,452.68,20094.0
Q1_2020,PIA,Peoria,IL,338.39,413.51,22607.0
Q1_2020,UIN,Quincy,IL,380.0,464.36,105.0
Q1_2020,RFD,Rockford,IL,166.36,203.3,9435.0
Q1_2020,SPI,Springfield,IL,332.51,406.33,3455.0
Q1_2020,EVV,Evansville,IN,426.75,521.49,10601.0
Q1_2020,FWA,Fort Wayne,IN,360.66,440.73,26685.0
Q1_2020,IND,Indianapolis,IN,333.4,407.41,289135.0
Q1_2020,SBN,South Bend,IN,348.8,426.23,27926.0
Q1_2020,DDC,Dodge City,KS,504.8,616.87,384.0
Q1_2020,GCK,Garden City,KS,444.23,542.85,1613.0
Q1_2020,HYS,Hays,KS,508.1,620.9,735.0
Q1_2020,LBL,Liberal,KS,436.77,533.74,386.0
Q1_2020,MHK,Manhattan/Ft. Riley,KS,524.35,640.76,4941.0
Q1_2020,SLN,Salina,KS,443.22,541.62,764.0
Q1_2020,ICT,Wichita,KS,382.82,467.81,50450.0
Q1_2020,LEX,Lexington,KY,391.55,478.48,42439.0
Q1_2020,SDF,Louisville,KY,369.67,451.74,122639.0
Q1_2020,OWB,Owensboro,KY,126.01,153.99,129.0
Q1_2020,PAH,Paducah,KY,565.75,691.35,376.0
Q1_2020,AEX,Alexandria,LA,481.08,587.89,5014.0
Q1_2020,BTR,Baton Rouge,LA,468.71,572.77,22788.0
Q1_2020,LFT,Lafayette,LA,489.34,597.98,14541.0
Q1_2020,LCH,Lake Charles,LA,515.36,629.78,5431.0
Q1_2020,MLU,Monroe,LA,462.37,565.01,6137.0
Q1_2020,MSY,New Orleans,LA,287.37,351.17,268725.0
Q1_2020,SHV,Shreveport,LA,474.74,580.13,19446.0
Q1_2020,BOS,Boston,MA,324.85,396.97,986868.0
Q1_2020,HYA,Hyannis,MA,405.78,495.86,950.0
Q1_2020,MVY,Martha's Vineyard,MA,496.62,606.87,3230.0
Q1_2020,ACK,Nantucket,MA,528.65,646.01,5436.0
Q1_2020,PVC,Provincetown,MA,396.77,484.85,94.0
Q1_2020,ORH,Worcester,MA,319.98,391.02,9491.0
Q1_2020,BWI,Baltimore,MD,308.59,377.09,489183.0
Q1_2020,HGR,Hagerstown,MD,143.1,174.87,2783.0
Q1_2020,SBY,Salisbury,MD,469.52,573.76,3343.0
Q1_2020,AUG,Augusta/Waterville,ME,427.43,522.32,161.0
Q1_2020,BGR,Bangor,ME,362.69,443.21,19034.0
Q1_2020,BHB,Bar Harbor,ME,551.83,674.34,193.0
Q1_2020,PWM,Portland,ME,348.45,425.81,65280.0
Q1_2020,PQI,Presque Isle/Houlton,ME,503.31,615.05,1349.0
Q1_2020,RKD,Rockland,ME,417.27,509.91,152.0
Q1_2020,APN,Alpena,MI,469.97,574.31,707.0
Q1_2020,DTW,Detroit,MI,362.01,442.37,572843.0
Q1_2020,ESC,Escanaba,MI,446.65,545.81,951.0
Q1_2020,FNT,Flint,MI,282.06,344.67,19789.0
Q1_2020,GRR,Grand Rapids,MI,336.86,411.64,122792.0
Q1_2020,CMX,Hancock/Houghton,MI,513.22,627.16,1092.0
Q1_2020,IMT,Iron Mountain/Kingsfd,MI,464.47,567.59,1197.0
Q1_2020,AZO,Kalamazoo,MI,458.35,560.11,5637.0
Q1_2020,LAN,Lansing,MI,406.19,496.36,6720.0
Q1_2020,MQT,Marquette,MI,536.17,655.2,2316.0
Q1_2020,MKG,Muskegon,MI,419.56,512.71,107.0
Q1_2020,PLN,Pellston,MI,569.27,695.64,1430.0
Q1_2020,MBS,Saginaw/Bay City/Midland,MI,517.51,632.4,6283.0
Q1_2020,CIU,Sault Ste. Marie,MI,539.72,659.54,1670.0
Q1_2020,TVC,Traverse City,MI,382.55,467.48,19320.0
Q1_2020,BJI,Bemidji,MN,549.18,671.1,1737.0
Q1_2020,BRD,Brainerd,MN,598.43,731.29,964.0
Q1_2020,DLH,Duluth,MN,420.41,513.74,7375.0
Q1_2020,HIB,Hibbing,MN,533.82,652.33,660.0
Q1_2020,INL,International Falls,MN,481.87,588.85,580.0
Q1_2020,MKT,Mankato,MN,254.76,311.32,
Q1_2020,MSP,Minneapolis,MN,368.08,449.8,657943.0
Q1_2020,RST,Rochester,MN,396.49,484.51,4832.0
Q1_2020,STC,St. Cloud,MN,246.32,301.0,1726.0
Q1_2020,TVF,Thief River Falls,MN,336.33,411.0,96.0
Q1_2020,CGI,Cape Girardeau,MO,518.69,633.84,155.0
Q1_2020,COU,Columbia,MO,421.58,515.17,5375.0
Q1_2020,TBN,Fort Leonard Wood,MO,388.93,475.27,177.0
Q1_2020,JLN,Joplin,MO,428.09,523.13,681.0
Q1_2020,MCI,Kansas City,MO,366.88,448.33,297424.0
Q1_2020,IRK,Kirksville,MO,485.43,593.2,133.0
Q1_2020,SGF,Springfield,MO,412.19,503.7,37755.0
Q1_2020,STL,St. Louis,MO,363.53,444.24,317689.0
Q1_2020,GTR,Columbus,MS,567.98,694.07,2412.0
Q1_2020,GLH,Greenville,MS,278.67,340.53,61.0
Q1_2020,GPT,Gulfport/Biloxi,MS,425.29,519.71,16550.0
Q1_2020,PIB,Hattiesburg/Laurel,MS,387.19,473.14,484.0
Q1_2020,JAN,Jackson/Vicksburg,MS,503.4,615.16,35868.0
Q1_2020,MEI,Meridian,MS,436.71,533.67,844.0
Q1_2020,TUP,Tupelo,MS,429.0,524.24,126.0
Q1_2020,BIL,Billings,MT,397.94,486.29,25278.0
Q1_2020,BZN,Bozeman,MT,404.76,494.62,56214.0
Q1_2020,BTM,Butte,MT,549.95,672.04,907.0
Q1_2020,GGW,Glasgow,MT,332.0,405.71,12.0
Q1_2020,GDV,Glendive,MT,474.5,579.84,29.0
Q1_2020,GTF,Great Falls,MT,397.07,485.22,10663.0
Q1_2020,HLN,Helena,MT,484.57,592.14,5609.0
Q1_2020,FCA,Kalispell,MT,396.51,484.53,21498.0
Q1_2020,MSO,Missoula,MT,398.97,487.54,25558.0
Q1_2020,SDY,Sidney,MT,512.5,626.28,67.0
Q1_2020,OLF,Wolf Point,MT,893.0,1091.25,19.0
Q1_2020,AVL,Asheville,NC,296.31,362.09,52773.0
Q1_2020,CLT,Charlotte,NC,393.32,480.63,446301.0
Q1_2020,USA,Concord,NC,117.75,143.89,6582.0
Q1_2020,FAY,Fayetteville,NC,413.26,505.01,10527.0
Q1_2020,GSO,Greensboro/High Point,NC,396.71,484.78,52146.0
Q1_2020,PGV,Greenville,NC,401.1,490.15,2490.0
Q1_2020,OAJ,Jacksonville/Camp Lejeune,NC,372.81,455.57,8903.0
Q1_2020,EWN,New Bern/Morehead/Beaufort,NC,409.82,500.8,5024.0
Q1_2020,RDU,Raleigh/Durham,NC,322.21,393.75,403082.0
Q1_2020,ILM,Wilmington,NC,413.15,504.87,38008.0
Q1_2020,BIS,Bismarck/Mandan,ND,383.77,468.96,17904.0
Q1_2020,DVL,Devils Lake,ND,467.48,571.26,390.0
Q1_2020,DIK,Dickinson,ND,522.57,638.58,1442.0
Q1_2020,FAR,Fargo,ND,403.4,492.96,32694.0
Q1_2020,GFK,Grand Forks,ND,415.88,508.2,5419.0
Q1_2020,JMS,Jamestown,ND,529.64,647.22,407.0
Q1_2020,MOT,Minot,ND,402.16,491.44,10415.0
Q1_2020,XWA,Williston,ND,605.65,740.11,6630.0
Q1_2020,AIA,Alliance,NE,451.0,551.12,92.0
Q1_2020,CDR,Chadron,NE,305.12,372.85,29.0
Q1_2020,GRI,Grand Island,NE,293.58,358.76,3849.0
Q1_2020,EAR,Kearney,NE,473.93,579.15,618.0
Q1_2020,LNK,Lincoln,NE,459.78,561.85,6629.0
Q1_2020,MCK,McCook,NE,410.75,501.94,67.0
Q1_2020,LBF,North Platte,NE,471.6,576.29,919.0
Q1_2020,OMA,Omaha,NE,360.9,441.03,143403.0
Q1_2020,BFF,Scottsbluff,NE,493.05,602.5,635.0
Q1_2020,LEB,Lebanon-Hanover,NH,360.56,440.6,231.0
Q1_2020,MHT,Manchester,NH,372.19,454.82,37031.0
Q1_2020,PSM,Portsmouth,NH,217.79,266.14,3847.0
Q1_2020,ACY,Atlantic City,NJ,112.63,137.63,28530.0
Q1_2020,EWR,Newark,NJ,369.92,452.04,940299.0
Q1_2020,TTN,Trenton,NJ,122.36,149.52,16828.0
Q1_2020,ABQ,Albuquerque,NM,343.84,420.18,133295.0
Q1_2020,CNM,Carlsbad,NM,432.2,528.15,
Q1_2020,CVN,Clovis,NM,346.89,423.9,247.0
Q1_2020,HOB,Hobbs,NM,473.92,579.13,1481.0
Q1_2020,ROW,Roswell,NM,461.26,563.67,2702.0
Q1_2020,SAF,Santa Fe,NM,405.33,495.32,7660.0
Q1_2020,EKO,Elko,NV,610.07,745.51,773.0
Q1_2020,LAS,Las Vegas,NV,233.78,285.68,675568.0
Q1_2020,RNO,Reno,NV,336.1,410.71,109805.0
Q1_2020,ALB,Albany,NY,367.27,448.81,88845.0
Q1_2020,BGM,Binghamton,NY,481.94,588.94,1769.0
Q1_2020,BUF,Buffalo,NY,319.05,389.88,146872.0
Q1_2020,ELM,Elmira/Corning,NY,349.38,426.94,5534.0
Q1_2020,ISP,Islip,NY,261.72,319.82,42627.0
Q1_2020,ITH,Ithaca/Cortland,NY,455.47,556.59,3911.0
Q1_2020,MSS,Massena,NY,274.67,335.64,52.0
Q1_2020,JFK,New York-JFK,NY,388.19,474.37,750626.0
Q1_2020,LGA,New York-La Guardia,NY,323.66,395.52,795129.0
Q1_2020,SWF,Newburgh/Poughkeepsie,NY,285.91,349.38,6432.0
Q1_2020,IAG,Niagara Falls,NY,169.9,207.62,4190.0
Q1_2020,OGS,Ogdensburg,NY,260.49,318.32,204.0
Q1_2020,PBG,Plattsburgh,NY,224.68,274.56,6860.0
Q1_2020,ROC,Rochester,NY,368.42,450.22,81114.0
Q1_2020,SLK,Saranac Lake/Lake Placid,NY,402.92,492.37,86.0
Q1_2020,SYR,Syracuse,NY,347.47,424.61,94536.0
Q1_2020,ART,Watertown,NY,407.11,497.49,1484.0
Q1_2020,HPN,White Plains,NY,390.54,477.25,85416.0
Q1_2020,CAK,Akron,OH,342.0,417.92,25340.0
Q1_2020,CVG,Cincinnati,OH,315.56,385.62,254552.0
Q1_2020,CLE,Cleveland,OH,301.09,367.93,275340.0
Q1_2020,CMH,Columbus,OH,350.48,428.29,244751.0
Q1_2020,LCK,Columbus,OH,129.55,158.31,10393.0
Q1_2020,DAY,Dayton,OH,430.12,525.61,35189.0
Q1_2020,TOL,Toledo,OH,242.51,296.35,4355.0
Q1_2020,LAW,Lawton/Fort Sill,OK,467.28,571.02,2405.0
Q1_2020,OKC,Oklahoma City,OK,373.83,456.82,121164.0
Q1_2020,SWO,Stillwater,OK,442.36,540.56,2029.0
Q1_2020,TUL,Tulsa,OK,391.95,478.96,88037.0
Q1_2020,RDM,Bend/Redmond,OR,337.12,411.97,33127.0
Q1_2020,EUG,Eugene,OR,340.84,416.51,48046.0
Q1_2020,MFR,Medford,OR,336.72,411.47,28387.0
Q1_2020,OTH,North Bend/Coos Bay,OR,418.09,510.91,780.0
Q1_2020,PDT,Pendleton,OR,415.08,507.23,17.0
Q1_2020,PDX,Portland,OR,308.35,376.8,441785.0
Q1_2020,ABE,Allentown/Bethlehem/Easton,PA,296.82,362.72,29795.0
Q1_2020,AOO,Altoona,PA,301.75,368.74,134.0
Q1_2020,BFD,Bradford,PA,479.33,585.75,62.0
Q1_2020,DUJ,DuBois,PA,487.0,595.12,140.0
Q1_2020,ERI,Erie,PA,378.83,462.93,2916.0
Q1_2020,MDT,Harrisburg,PA,393.61,480.99,42667.0
Q1_2020,JST,Johnstown,PA,539.57,659.36,813.0
Q1_2020,LNS,Lancaster,PA,257.0,314.05,320.0
Q1_2020,LBE,Latrobe,PA,121.5,148.47,5672.0
Q1_2020,PHL,Philadelphia,PA,364.29,445.17,618958.0
Q1_2020,PIT,Pittsburgh,PA,342.27,418.25,273272.0
Q1_2020,AVP,Scranton/Wilkes-Barre,PA,399.82,488.59,14115.0
Q1_2020,SCE,State College,PA,430.16,525.66,7557.0
Q1_2020,IPT,Williamsport,PA,375.83,459.27,39.0
Q1_2020,BQN,Aguadilla,PR,188.58,230.44,20736.0
Q1_2020,CPX,Culebra,PR,359.93,439.84,15.0
Q1_2020,MAZ,Mayaguez,PR,471.67,576.38,57.0
Q1_2020,PSE,Ponce,PR,204.65,250.08,8826.0
Q1_2020,SJU,San Juan,PR,242.42,296.24,262979.0
Q1_2020,VQS,Vieques,PR,677.18,827.51,59.0
Q1_2020,PVD,Providence,RI,322.52,394.12,123931.0
Q1_2020,CHS,Charleston,SC,353.88,432.44,144183.0
Q1_2020,CAE,Columbia,SC,437.85,535.05,35315.0
Q1_2020,FLO,Florence,SC,444.14,542.74,1496.0
Q1_2020,GSP,Greer,SC,387.86,473.97,74606.0
Q1_2020,HHH,Hilton Head,SC,431.3,527.05,3578.0
Q1_2020,MYR,Myrtle Beach,SC,315.45,385.48,67308.0
Q1_2020,ABR,Aberdeen,SD,561.89,686.63,1417.0
Q1_2020,PIR,Pierre,SD,484.55,592.13,507.0
Q1_2020,RAP,Rapid City,SD,409.44,500.34,20028.0
Q1_2020,FSD,Sioux Falls,SD,381.18,465.81,40697.0
Q1_2020,ATY,Watertown,SD,420.26,513.56,281.0
Q1_2020,TRI,Bristol/Johnson City/Kingsport,TN,479.41,585.84,12639.0
Q1_2020,CHA,Chattanooga,TN,429.3,524.61,31471.0
Q1_2020,TYS,Knoxville,TN,387.01,472.93,80983.0
Q1_2020,MEM,Memphis,TN,369.55,451.59,133439.0
Q1_2020,BNA,Nashville,TN,326.36,398.81,441195.0
Q1_2020,GUM,Guam,TT,1201.57,1468.32,4466.0
Q1_2020,PPG,Pago Pago,TT,1093.51,1336.28,1942.0
Q1_2020,SPN,Saipan,TT,383.13,468.18,1357.0
Q1_2020,ABI,Abilene,TX,541.33,661.51,5572.0
Q1_2020,AMA,Amarillo,TX,408.59,499.3,21618.0
Q1_2020,AUS,Austin,TX,317.02,387.4,472888.0
Q1_2020,BPT,Beaumont/Port Arthur,TX,486.28,594.24,2120.0
Q1_2020,BRO,Brownsville,TX,390.12,476.73,12172.0
Q1_2020,CLL,College Station/Bryan,TX,454.1,554.92,3669.0
Q1_2020,CRP,Corpus Christi,TX,451.86,552.18,19530.0
Q1_2020,DFW,Dallas-DFW,TX,400.52,489.43,894683.0
Q1_2020,DAL,Dallas-Love Field,TX,310.14,379.0,289935.0
Q1_2020,DRT,Del Rio,TX,414.01,505.92,
Q1_2020,ELP,El Paso,TX,355.04,433.86,120309.0
Q1_2020,HRL,Harlingen/San Benito,TX,298.48,364.74,29191.0
Q1_2020,HOU,Houston-Hobby,TX,324.4,396.41,229047.0
Q1_2020,IAH,Houston-Intercontinental,TX,394.33,481.87,627878.0
Q1_2020,GRK,Killeen,TX,386.56,472.38,5882.0
Q1_2020,LRD,Laredo,TX,417.62,510.33,9858.0
Q1_2020,GGG,Longview,TX,537.72,657.1,2190.0
Q1_2020,LBB,Lubbock,TX,399.67,488.39,30395.0
Q1_2020,MAF,Midland/Odessa,TX,457.79,559.42,41759.0
Q1_2020,MFE,Mission/McAllen/Edinburg,TX,393.72,481.13,39274.0
Q1_2020,SJT,San Angelo,TX,534.17,652.76,2754.0
Q1_2020,SAT,San Antonio,TX,359.31,439.08,261417.0
Q1_2020,TYR,Tyler,TX,502.12,613.59,3286.0
Q1_2020,VCT,Victoria,TX,334.94,409.3,783.0
Q1_2020,ACT,Waco,TX,589.76,720.69,3244.0
Q1_2020,SPS,Wichita Falls,TX,433.59,529.85,1907.0
Q1_2020,CDC,Cedar City,UT,409.2,500.05,732.0
Q1_2020,CNY,Moab,UT,411.31,502.63,241.0
Q1_2020,OGD,Ogden,UT,103.72,126.75,1155.0
Q1_2020,PVU,Provo,UT,99.47,121.55,27400.0
Q1_2020,SLC,Salt Lake City,UT,364.52,445.44,434499.0
Q1_2020,SGU,St. George,UT,389.65,476.16,7927.0
Q1_2020,VEL,Vernal,UT,499.03,609.82,303.0
Q1_2020,CHO,Charlottesville,VA,420.49,513.84,20466.0
Q1_2020,LYH,Lynchburg,VA,451.86,552.18,4980.0
Q1_2020,PHF,Newport News/Williamsburg,VA,455.48,556.6,3955.0
Q1_2020,ORF,Norfolk,VA,383.14,468.2,135070.0
Q1_2020,RIC,Richmond,VA,374.11,457.16,145166.0
Q1_2020,ROA,Roanoke,VA,448.9,548.56,21008.0
Q1_2020,SHD,Staunton,VA,474.26,579.55,349.0
Q1_2020,STT,Charlotte Amalie,VI,342.8,418.91,23386.0
Q1_2020,STX,Christiansted,VI,454.63,555.56,8986.0
Q1_2020,BTV,Burlington,VT,413.95,505.84,36575.0
Q1_2020,RUT,Rutland,VT,393.89,481.33,124.0
Q1_2020,BLI,Bellingham,WA,241.37,294.96,17664.0
Q1_2020,PAE,Everett,WA,274.98,336.03,19523.0
Q1_2020,PSC,Pasco/Kennewick/Richland,WA,395.42,483.21,27906.0
Q1_2020,PUW,Pullman,WA,372.3,454.95,3643.0
Q1_2020,SEA,Seattle,WA,307.52,375.79,880202.0
Q1_2020,GEG,Spokane,WA,331.15,404.67,112587.0
Q1_2020,ALW,Walla Walla,WA,344.8,421.35,1977.0
Q1_2020,EAT,Wenatchee,WA,377.02,460.71,2587.0
Q1_2020,YKM,Yakima,WA,412.67,504.29,2476.0
Q1_2020,ATW,Appleton,WI,399.27,487.91,35369.0
Q1_2020,EAU,Eau Claire,WI,471.79,576.53,1210.0
Q1_2020,GRB,Green Bay,WI,471.77,576.51,18187.0
Q1_2020,LSE,La Crosse,WI,479.16,585.54,1939.0
Q1_2020,MSN,Madison,WI,403.77,493.41,67201.0
Q1_2020,MKE,Milwaukee,WI,339.95,415.41,179994.0
Q1_2020,CWA,Mosinee,WI,472.94,577.94,5375.0
Q1_2020,RHI,Rhinelander,WI,551.8,674.3,1431.0
Q1_2020,HTS,Ashland,WV,253.07,309.26,6189.0
Q1_2020,BKW,Beckley,WV,590.33,721.39,206.0
Q1_2020,CRW,Charleston/Dunbar,WV,472.58,577.49,11747.0
Q1_2020,CKB,Clarksburg/Fairmont,WV,253.94,310.32,2195.0
Q1_2020,LWB,Lewisburg,WV,479.82,586.34,236.0
Q1_2020,MGW,Morgantown,WV,373.31,456.18,201.0
Q1_2020,PKB,Parkersburg,WV,450.0,549.9,174.0
Q1_2020,CPR,Casper,WY,530.03,647.69,5500.0
Q1_2020,CYS,Cheyenne,WY,373.97,456.99,1741.0
Q1_2020,COD,Cody,WY,510.66,624.03,1631.0
Q1_2020,GCC,Gillette,WY,547.23,668.72,1653.0
Q1_2020,JAC,Jackson,WY,550.56,672.79,16840.0
Q1_2020,LAR,Laramie,WY,499.6,610.52,961.0
Q1_2020,RIW,Riverton/Lander,WY,517.96,632.95,1179.0
Q1_2020,RKS,Rock Springs,WY,516.46,631.12,1198.0
Q1_2020,SHR,Sheridan,WY,560.34,684.74,1488.0
Q2_2020,ADK,Adak Island,AK,777.6,955.39,57.0
Q2_2020,ANC,Anchorage,AK,384.8,472.78,113291.0
Q2_2020,BRW,Barrow,AK,441.26,542.14,1914.0
Q2_2020,BET,Bethel,AK,351.91,432.38,5442.0
Q2_2020,CDV,Cordova,AK,425.96,523.35,811.0
Q2_2020,SCC,Deadhorse,AK,443.78,545.24,1933.0
Q2_2020,DLG,Dillingham,AK,433.19,532.23,1385.0
Q2_2020,FAI,Fairbanks,AK,373.76,459.21,27618.0
Q2_2020,GST,Gustavus,AK,188.25,231.29,162.0
Q2_2020,JNU,Juneau,AK,357.07,438.71,14056.0
Q2_2020,ENA,Kenai,AK,331.0,406.68,
Q2_2020,KTN,Ketchikan,AK,417.8,513.32,5377.0
Q2_2020,AKN,King Salmon,AK,485.61,596.64,959.0
Q2_2020,ADQ,Kodiak,AK,459.91,565.06,3500.0
Q2_2020,OTZ,Kotzebue,AK,466.18,572.76,2107.0
Q2_2020,OME,Nome,AK,488.43,600.1,2311.0
Q2_2020,PSG,Petersburg,AK,381.71,468.99,1000.0
Q2_2020,SIT,Sitka,AK,363.96,447.17,3745.0
Q2_2020,WRG,Wrangell,AK,495.89,609.26,631.0
Q2_2020,YAK,Yakutat,AK,566.48,696.0,370.0
Q2_2020,BHM,Birmingham,AL,271.34,333.38,87795.0
Q2_2020,DHN,Dothan,AL,415.34,510.3,1974.0
Q2_2020,HSV,Huntsville,AL,363.48,446.59,44464.0
Q2_2020,MOB,Mobile,AL,382.61,470.09,15611.0
Q2_2020,MGM,Montgomery,AL,337.77,415.0,10260.0
Q2_2020,MSL,Muscle Shoals,AL,344.33,423.06,91.0
Q2_2020,XNA,Fayetteville,AR,294.09,361.33,60392.0
Q2_2020,FSM,Fort Smith,AR,362.84,445.8,3187.0
Q2_2020,HRO,Harrison,AR,444.0,545.52,30.0
Q2_2020,LIT,Little Rock,AR,266.25,327.13,63818.0
Q2_2020,TXK,Texarkana,AR,297.42,365.42,2325.0
Q2_2020,FLG,Flagstaff,AZ,327.04,401.81,3507.0
Q2_2020,PGA,Page,AZ,448.0,550.43,143.0
Q2_2020,PHX,Phoenix,AZ,249.26,306.25,825399.0
Q2_2020,AZA,Phoenix,AZ,104.92,128.91,40330.0
Q2_2020,PRC,Prescott,AZ,371.41,456.33,525.0
Q2_2020,SOW,Show Low,AZ,401.5,493.3,62.0
Q2_2020,TUS,Tucson,AZ,270.59,332.45,102184.0
Q2_2020,YUM,Yuma,AZ,340.45,418.29,4071.0
Q2_2020,ACV,Arcata/Eureka,CA,453.32,556.97,7528.0
Q2_2020,BFL,Bakersfield,CA,355.3,436.54,11994.0
Q2_2020,BUR,Burbank,CA,219.06,269.15,183243.0
Q2_2020,CEC,Crescent City,CA,457.0,561.49,
Q2_2020,FAT,Fresno,CA,315.82,388.03,65689.0
Q2_2020,LGB,Long Beach,CA,180.52,221.8,102848.0
Q2_2020,LAX,Los Angeles,CA,278.1,341.68,1284083.0
Q2_2020,MRY,Monterey,CA,343.19,421.65,14130.0
Q2_2020,OAK,Oakland,CA,211.28,259.59,268902.0
Q2_2020,ONT,Ontario,CA,249.93,307.07,198746.0
Q2_2020,PSP,Palm Springs,CA,324.71,398.95,52513.0
Q2_2020,RDD,Redding,CA,424.36,521.39,5149.0
Q2_2020,SMF,Sacramento,CA,251.7,309.25,367629.0
Q2_2020,SAN,San Diego,CA,264.22,324.63,596023.0
Q2_2020,SFO,San Francisco,CA,312.67,384.15,844286.0
Q2_2020,SJC,San Jose,CA,230.54,283.25,305263.0
Q2_2020,SBP,San Luis Obispo,CA,350.72,430.91,19797.0
Q2_2020,SNA,Santa Ana,CA,274.94,337.8,254126.0
Q2_2020,SBA,Santa Barbara,CA,327.77,402.71,36080.0
Q2_2020,SMX,Santa Maria,CA,90.72,111.46,739.0
Q2_2020,STS,Santa Rosa,CA,297.16,365.1,21711.0
Q2_2020,SCK,Stockton,CA,91.46,112.37,3948.0
Q2_2020,ALS,Alamosa,CO,388.75,477.63,295.0
Q2_2020,ASE,Aspen,CO,477.78,587.02,11153.0
Q2_2020,COS,Colorado Springs,CO,289.53,355.73,67750.0
Q2_2020,CEZ,Cortez,CO,401.78,493.64,98.0
Q2_2020,DEN,Denver,CO,233.5,286.89,1023630.0
Q2_2020,DRO,Durango,CO,412.08,506.3,11912.0
Q2_2020,EGE,Eagle,CO,430.11,528.45,7923.0
Q2_2020,GJT,Grand Junction,CO,314.76,386.73,13880.0
Q2_2020,GUC,Gunnison,CO,332.2,408.15,1725.0
Q2_2020,HDN,Hayden,CO,395.16,485.51,6709.0
Q2_2020,MTJ,Montrose/Delta,CO,428.81,526.85,10218.0
Q2_2020,PUB,Pueblo,CO,337.32,414.45,86.0
Q2_2020,BDL,Hartford,CT,254.12,312.23,210677.0
Q2_2020,HVN,New Haven,CT,247.48,304.07,45855.0
Q2_2020,IAD,Washington-Dulles,DC,322.66,396.43,316263.0
Q2_2020,DCA,Washington-Reagan National,DC,262.99,323.11,547638.0
Q2_2020,DAB,Daytona Beach,FL,249.68,306.77,16860.0
Q2_2020,FLL,Fort Lauderdale,FL,218.52,268.48,585196.0
Q2_2020,RSW,Fort Myers,FL,245.06,301.08,215751.0
Q2_2020,GNV,Gainesville,FL,280.06,344.1,16639.0
Q2_2020,JAX,Jacksonville,FL,270.09,331.85,190561.0
Q2_2020,EYW,Key West,FL,352.89,433.57,16616.0
Q2_2020,MLB,Melbourne,FL,261.48,321.26,12470.0
Q2_2020,MIA,Miami,FL,246.7,303.1,478084.0
Q2_2020,MCO,Orlando,FL,208.57,256.26,845562.0
Q2_2020,ECP,Panama City,FL,234.52,288.14,33188.0
Q2_2020,PNS,Pensacola,FL,282.33,346.89,72946.0
Q2_2020,PGD,Punta Gorda,FL,107.07,131.55,37063.0
Q2_2020,SFB,Sanford,FL,94.07,115.58,48131.0
Q2_2020,SRQ,Sarasota/Bradenton,FL,222.51,273.39,86365.0
Q2_2020,PIE,St. Petersburg,FL,95.95,117.88,48668.0
Q2_2020,TLH,Tallahassee,FL,368.94,453.3,25686.0
Q2_2020,TPA,Tampa,FL,249.51,306.56,534514.0
Q2_2020,VPS,Valparaiso,FL,250.53,307.81,38296.0
Q2_2020,PBI,West Palm Beach/Palm Beach,FL,251.74,309.29,207211.0
Q2_2020,ABY,Albany,GA,278.53,342.22,1697.0
Q2_2020,ATL,Atlanta,GA,262.61,322.66,1012618.0
Q2_2020,AGS,Augusta,GA,261.82,321.68,17458.0
Q2_2020,BQK,Brunswick,GA,333.08,409.23,1856.0
Q2_2020,CSG,Columbus,GA,361.02,443.56,3020.0
Q2_2020,MCN,Macon,GA,1007.0,1237.24,2.0
Q2_2020,SAV,Savannah,GA,316.73,389.15,85268.0
Q2_2020,VLD,Valdosta,GA,311.95,383.27,2803.0
Q2_2020,ITO,Hilo,HI,145.41,178.65,37948.0
Q2_2020,HNL,Honolulu,HI,268.87,330.35,355128.0
Q2_2020,MKK,Hoolehua,HI,120.67,148.26,39.0
Q2_2020,OGG,Kahului,HI,217.2,266.86,112368.0
Q2_2020,KOA,Kona,HI,219.07,269.15,75880.0
Q2_2020,LNY,Lanai,HI,270.09,331.84,16.0
Q2_2020,LIH,Lihue,HI,182.71,224.48,66233.0
Q2_2020,CID,Cedar Rapids/Iowa City,IA,242.13,297.49,46040.0
Q2_2020,DSM,Des Moines,IA,228.95,281.29,91115.0
Q2_2020,DBQ,Dubuque,IA,237.93,292.33,388.0
Q2_2020,SUX,Sioux City,IA,299.82,368.37,1055.0
Q2_2020,ALO,Waterloo,IA,240.14,295.04,493.0
Q2_2020,BOI,Boise,ID,275.62,338.64,135151.0
Q2_2020,IDA,Idaho Falls,ID,321.74,395.3,17151.0
Q2_2020,LWS,Lewiston,ID,321.2,394.64,3448.0
Q2_2020,PIH,Pocatello,ID,412.73,507.1,1386.0
Q2_2020,SUN,Sun Valley/Hailey/Ketchum,ID,402.38,494.38,4889.0
Q2_2020,TWF,Twin Falls,ID,356.91,438.52,1848.0
Q2_2020,BLV,Belleville,IL,98.38,120.88,11114.0
Q2_2020,BMI,Bloomington/Normal,IL,183.27,225.17,9540.0
Q2_2020,CMI,Champaign/Urbana,IL,423.7,520.58,4867.0
Q2_2020,MDW,Chicago-Midway,IL,207.32,254.72,349329.0
Q2_2020,ORD,Chicago-O'Hare,IL,247.55,304.15,1089038.0
Q2_2020,DEC,Decatur,IL,324.67,398.9,596.0
Q2_2020,MWA,Marion/Herrin,IL,340.93,418.88,227.0
Q2_2020,MLI,Moline,IL,240.4,295.36,20094.0
Q2_2020,PIA,Peoria,IL,190.41,233.94,22607.0
Q2_2020,UIN,Quincy,IL,260.8,320.43,105.0
Q2_2020,RFD,Rockford,IL,112.1,137.73,9435.0
Q2_2020,SPI,Springfield,IL,223.12,274.14,3455.0
Q2_2020,EVV,Evansville,IN,264.7,325.21,10601.0
Q2_2020,FWA,Fort Wayne,IN,215.39,264.64,26685.0
Q2_2020,IND,Indianapolis,IN,242.96,298.51,289135.0
Q2_2020,SBN,South Bend,IN,218.43,268.37,27926.0
Q2_2020,DDC,Dodge City,KS,368.18,452.36,384.0
Q2_2020,GCK,Garden City,KS,277.1,340.46,1613.0
Q2_2020,HYS,Hays,KS,345.56,424.57,735.0
Q2_2020,LBL,Liberal,KS,370.09,454.71,386.0
Q2_2020,MHK,Manhattan/Ft. Riley,KS,315.16,387.21,4941.0
Q2_2020,SLN,Salina,KS,351.88,432.34,764.0
Q2_2020,ICT,Wichita,KS,267.5,328.66,50450.0
Q2_2020,LEX,Lexington,KY,247.34,303.89,42439.0
Q2_2020,SDF,Louisville,KY,253.88,311.93,122639.0
Q2_2020,OWB,Owensboro,KY,104.69,128.62,129.0
Q2_2020,PAH,Paducah,KY,397.96,488.95,376.0
Q2_2020,AEX,Alexandria,LA,367.03,450.94,5014.0
Q2_2020,BTR,Baton Rouge,LA,336.28,413.16,22788.0
Q2_2020,LFT,Lafayette,LA,318.64,391.5,14541.0
Q2_2020,LCH,Lake Charles,LA,341.14,419.14,5431.0
Q2_2020,MLU,Monroe,LA,303.57,372.98,6137.0
Q2_2020,MSY,New Orleans,LA,237.95,292.36,268725.0
Q2_2020,SHV,Shreveport,LA,339.27,416.84,19446.0
Q2_2020,BOS,Boston,MA,254.67,312.89,986868.0
Q2_2020,HYA,Hyannis,MA,282.5,347.09,950.0
Q2_2020,MVY,Martha's Vineyard,MA,409.63,503.29,3230.0
Q2_2020,ACK,Nantucket,MA,330.64,406.23,5436.0
Q2_2020,ORH,Worcester,MA,191.2,234.92,9491.0
Q2_2020,BWI,Baltimore,MD,235.49,289.33,489183.0
Q2_2020,HGR,Hagerstown,MD,89.93,110.49,2783.0
Q2_2020,SBY,Salisbury,MD,275.65,338.67,3343.0
Q2_2020,AUG,Augusta/Waterville,ME,803.5,987.21,161.0
Q2_2020,BGR,Bangor,ME,287.32,353.02,19034.0
Q2_2020,BHB,Bar Harbor,ME,345.6,424.62,193.0
Q2_2020,PWM,Portland,ME,252.21,309.88,65280.0
Q2_2020,PQI,Presque Isle/Houlton,ME,423.74,520.62,1349.0
Q2_2020,RKD,Rockland,ME,465.5,571.93,152.0
Q2_2020,APN,Alpena,MI,421.16,517.45,707.0
Q2_2020,DTW,Detroit,MI,280.07,344.11,572843.0
Q2_2020,ESC,Escanaba,MI,304.55,374.18,951.0
Q2_2020,FNT,Flint,MI,188.34,231.41,19789.0
Q2_2020,GRR,Grand Rapids,MI,232.27,285.37,122792.0
Q2_2020,CMX,Hancock/Houghton,MI,423.63,520.49,1092.0
Q2_2020,IMT,Iron Mountain/Kingsfd,MI,297.81,365.9,1197.0
Q2_2020,AZO,Kalamazoo,MI,305.44,375.28,5637.0
Q2_2020,LAN,Lansing,MI,259.72,319.1,6720.0
Q2_2020,MQT,Marquette,MI,321.72,395.27,2316.0
Q2_2020,MKG,Muskegon,MI,407.75,500.98,107.0
Q2_2020,PLN,Pellston,MI,398.96,490.18,1430.0
Q2_2020,MBS,Saginaw/Bay City/Midland,MI,359.5,441.7,6283.0
Q2_2020,CIU,Sault Ste. Marie,MI,401.42,493.2,1670.0
Q2_2020,TVC,Traverse City,MI,300.83,369.61,19320.0
Q2_2020,BJI,Bemidji,MN,347.65,427.14,1737.0
Q2_2020,BRD,Brainerd,MN,355.18,436.39,964.0
Q2_2020,DLH,Duluth,MN,249.78,306.88,7375.0
Q2_2020,HIB,Hibbing,MN,392.98,482.83,660.0
Q2_2020,INL,International Falls,MN,325.25,399.61,580.0
Q2_2020,MKT,Mankato,MN,130.0,159.72,
Q2_2020,MSP,Minneapolis,MN,267.34,328.46,657943.0
Q2_2020,RST,Rochester,MN,246.21,302.5,4832.0
Q2_2020,STC,St. Cloud,MN,98.2,120.66,1726.0
Q2_2020,TVF,Thief River Falls,MN,451.67,554.94,96.0
Q2_2020,BKG,Branson,MO,91.14,111.98,105.0
Q2_2020,CGI,Cape Girardeau,MO,529.87,651.01,155.0
Q2_2020,COU,Columbia,MO,299.84,368.4,5375.0
Q2_2020,TBN,Fort Leonard Wood,MO,315.49,387.62,177.0
Q2_2020,JLN,Joplin,MO,288.46,354.41,681.0
Q2_2020,MCI,Kansas City,MO,248.73,305.6,297424.0
Q2_2020,IRK,Kirksville,MO,299.67,368.18,133.0
Q2_2020,SGF,Springfield,MO,246.57,302.94,37755.0
Q2_2020,STL,St. Louis,MO,245.42,301.53,317689.0
Q2_2020,GTR,Columbus,MS,373.68,459.12,2412.0
Q2_2020,GLH,Greenville,MS,418.0,513.57,61.0
Q2_2020,GPT,Gulfport/Biloxi,MS,319.66,392.74,16550.0
Q2_2020,PIB,Hattiesburg/Laurel,MS,264.09,324.47,484.0
Q2_2020,JAN,Jackson/Vicksburg,MS,365.83,449.47,35868.0
Q2_2020,MEI,Meridian,MS,359.41,441.59,844.0
Q2_2020,TUP,Tupelo,MS,637.5,783.26,126.0
Q2_2020,BIL,Billings,MT,346.38,425.58,25278.0
Q2_2020,BZN,Bozeman,MT,344.98,423.86,56214.0
Q2_2020,BTM,Butte,MT,418.79,514.54,907.0
Q2_2020,GTF,Great Falls,MT,293.21,360.25,10663.0
Q2_2020,HVR,Havre,MT,372.0,457.05,14.0
Q2_2020,HLN,Helena,MT,392.65,482.42,5609.0
Q2_2020,FCA,Kalispell,MT,344.25,422.95,21498.0
Q2_2020,MSO,Missoula,MT,324.47,398.65,25558.0
Q2_2020,SDY,Sidney,MT,532.0,653.64,67.0
Q2_2020,WYS,West Yellowstone,MT,283.65,348.5,259.0
Q2_2020,OLF,Wolf Point,MT,426.0,523.4,19.0
Q2_2020,AVL,Asheville,NC,207.83,255.34,52773.0
Q2_2020,CLT,Charlotte,NC,320.12,393.32,446301.0
Q2_2020,USA,Concord,NC,99.3,122.0,6582.0
Q2_2020,FAY,Fayetteville,NC,304.0,373.51,10527.0
Q2_2020,GSO,Greensboro/High Point,NC,312.87,384.41,52146.0
Q2_2020,PGV,Greenville,NC,282.08,346.57,2490.0
Q2_2020,OAJ,Jacksonville/Camp Lejeune,NC,290.63,357.08,8903.0
Q2_2020,EWN,New Bern/Morehead/Beaufort,NC,297.32,365.3,5024.0
Q2_2020,RDU,Raleigh/Durham,NC,260.44,319.98,403082.0
Q2_2020,ILM,Wilmington,NC,315.99,388.24,38008.0
Q2_2020,BIS,Bismarck/Mandan,ND,289.3,355.45,17904.0
Q2_2020,DVL,Devils Lake,ND,377.5,463.81,390.0
Q2_2020,DIK,Dickinson,ND,470.75,578.38,1442.0
Q2_2020,FAR,Fargo,ND,292.71,359.64,32694.0
Q2_2020,GFK,Grand Forks,ND,401.92,493.81,5419.0
Q2_2020,JMS,Jamestown,ND,437.2,537.16,407.0
Q2_2020,MOT,Minot,ND,340.3,418.1,10415.0
Q2_2020,XWA,Williston,ND,487.89,599.44,6630.0
Q2_2020,AIA,Alliance,NE,370.0,454.6,92.0
Q2_2020,CDR,Chadron,NE,282.0,346.48,29.0
Q2_2020,GRI,Grand Island,NE,179.6,220.66,3849.0
Q2_2020,EAR,Kearney,NE,409.06,502.58,618.0
Q2_2020,LNK,Lincoln,NE,346.47,425.69,6629.0
Q2_2020,MCK,McCook,NE,325.0,399.31,67.0
Q2_2020,LBF,North Platte,NE,439.15,539.55,919.0
Q2_2020,OMA,Omaha,NE,254.09,312.18,143403.0
Q2_2020,BFF,Scottsbluff,NE,440.77,541.55,635.0
Q2_2020,LEB,Lebanon-Hanover,NH,1120.5,1376.69,231.0
Q2_2020,MHT,Manchester,NH,233.45,286.83,37031.0
Q2_2020,PSM,Portsmouth,NH,106.32,130.63,3847.0
Q2_2020,ACY,Atlantic City,NJ,100.35,123.29,28530.0
Q2_2020,EWR,Newark,NJ,301.79,370.79,940299.0
Q2_2020,TTN,Trenton,NJ,112.3,137.97,16828.0
Q2_2020,ABQ,Albuquerque,NM,242.88,298.41,133295.0
Q2_2020,CNM,Carlsbad,NM,599.25,736.26,
Q2_2020,CVN,Clovis,NM,547.5,672.68,247.0
Q2_2020,HOB,Hobbs,NM,376.88,463.05,1481.0
Q2_2020,ROW,Roswell,NM,351.03,431.29,2702.0
Q2_2020,SAF,Santa Fe,NM,308.13,378.58,7660.0
Q2_2020,EKO,Elko,NV,401.1,492.81,773.0
Q2_2020,LAS,Las Vegas,NV,206.67,253.93,675568.0
Q2_2020,RNO,Reno,NV,268.64,330.06,109805.0
Q2_2020,ALB,Albany,NY,256.0,314.53,88845.0
Q2_2020,BGM,Binghamton,NY,345.21,424.14,1769.0
Q2_2020,BUF,Buffalo,NY,260.12,319.59,146872.0
Q2_2020,ELM,Elmira/Corning,NY,226.26,278.0,5534.0
Q2_2020,ISP,Islip,NY,201.91,248.08,42627.0
Q2_2020,ITH,Ithaca/Cortland,NY,308.76,379.35,3911.0
Q2_2020,MSS,Massena,NY,267.5,328.66,52.0
Q2_2020,JFK,New York-JFK,NY,321.04,394.44,750626.0
Q2_2020,LGA,New York-La Guardia,NY,241.69,296.95,795129.0
Q2_2020,SWF,Newburgh/Poughkeepsie,NY,116.15,142.7,6432.0
Q2_2020,IAG,Niagara Falls,NY,101.03,124.13,4190.0
Q2_2020,OGS,Ogdensburg,NY,332.71,408.78,204.0
Q2_2020,PBG,Plattsburgh,NY,187.38,230.23,6860.0
Q2_2020,ROC,Rochester,NY,264.52,324.99,81114.0
Q2_2020,SLK,Saranac Lake/Lake Placid,NY,219.0,269.07,86.0
Q2_2020,SYR,Syracuse,NY,256.26,314.85,94536.0
Q2_2020,ART,Watertown,NY,273.37,335.88,1484.0
Q2_2020,HPN,White Plains,NY,220.86,271.36,85416.0
Q2_2020,CAK,Akron,OH,277.39,340.81,25340.0
Q2_2020,CVG,Cincinnati,OH,214.79,263.9,254552.0
Q2_2020,CLE,Cleveland,OH,228.26,280.46,275340.0
Q2_2020,CMH,Columbus,OH,258.7,317.85,244751.0
Q2_2020,LCK,Columbus,OH,108.39,133.17,10393.0
Q2_2020,DAY,Dayton,OH,269.2,330.75,35189.0
Q2_2020,TOL,Toledo,OH,159.89,196.44,4355.0
Q2_2020,LAW,Lawton/Fort Sill,OK,282.45,347.03,2405.0
Q2_2020,OKC,Oklahoma City,OK,262.7,322.77,121164.0
Q2_2020,SWO,Stillwater,OK,272.73,335.08,2029.0
Q2_2020,TUL,Tulsa,OK,266.47,327.4,88037.0
Q2_2020,RDM,Bend/Redmond,OR,309.68,380.48,33127.0
Q2_2020,EUG,Eugene,OR,292.76,359.7,48046.0
Q2_2020,MFR,Medford,OR,307.81,378.19,28387.0
Q2_2020,OTH,North Bend/Coos Bay,OR,313.19,384.8,780.0
Q2_2020,PDT,Pendleton,OR,460.0,565.17,17.0
Q2_2020,PDX,Portland,OR,272.05,334.25,441785.0
Q2_2020,ABE,Allentown/Bethlehem/Easton,PA,193.28,237.47,29795.0
Q2_2020,AOO,Altoona,PA,221.75,272.45,134.0
Q2_2020,BFD,Bradford,PA,388.5,477.33,62.0
Q2_2020,DUJ,DuBois,PA,368.2,452.38,140.0
Q2_2020,ERI,Erie,PA,263.3,323.5,2916.0
Q2_2020,MDT,Harrisburg,PA,242.13,297.49,42667.0
Q2_2020,JST,Johnstown,PA,414.5,509.27,813.0
Q2_2020,LBE,Latrobe,PA,97.28,119.53,5672.0
Q2_2020,PHL,Philadelphia,PA,258.11,317.12,618958.0
Q2_2020,PIT,Pittsburgh,PA,248.91,305.82,273272.0
Q2_2020,AVP,Scranton/Wilkes-Barre,PA,290.48,356.9,14115.0
Q2_2020,SCE,State College,PA,260.57,320.15,7557.0
Q2_2020,IPT,Williamsport,PA,298.48,366.73,39.0
Q2_2020,MAZ,Mayaguez,PR,270.11,331.87,57.0
Q2_2020,SJU,San Juan,PR,216.2,265.63,262979.0
Q2_2020,VQS,Vieques,PR,335.0,411.59,59.0
Q2_2020,PVD,Providence,RI,230.78,283.55,123931.0
Q2_2020,CHS,Charleston,SC,269.55,331.18,144183.0
Q2_2020,CAE,Columbia,SC,303.4,372.77,35315.0
Q2_2020,FLO,Florence,SC,297.32,365.29,1496.0
Q2_2020,GSP,Greer,SC,291.95,358.7,74606.0
Q2_2020,HHH,Hilton Head,SC,297.67,365.73,3578.0
Q2_2020,MYR,Myrtle Beach,SC,235.9,289.83,67308.0
Q2_2020,ABR,Aberdeen,SD,356.45,437.95,1417.0
Q2_2020,PIR,Pierre,SD,464.08,570.18,507.0
Q2_2020,RAP,Rapid City,SD,305.82,375.75,20028.0
Q2_2020,FSD,Sioux Falls,SD,268.04,329.33,40697.0
Q2_2020,ATY,Watertown,SD,471.27,579.02,281.0
Q2_2020,TRI,Bristol/Johnson City/Kingsport,TN,310.46,381.45,12639.0
Q2_2020,CHA,Chattanooga,TN,247.56,304.16,31471.0
Q2_2020,TYS,Knoxville,TN,273.66,336.23,80983.0
Q2_2020,MEM,Memphis,TN,259.7,319.07,133439.0
Q2_2020,BNA,Nashville,TN,224.56,275.91,441195.0
Q2_2020,GUM,Guam,TT,1380.54,1696.18,4466.0
Q2_2020,SPN,Saipan,TT,874.5,1074.44,1357.0
Q2_2020,ABI,Abilene,TX,322.62,396.38,5572.0
Q2_2020,AMA,Amarillo,TX,270.26,332.05,21618.0
Q2_2020,AUS,Austin,TX,263.61,323.88,472888.0
Q2_2020,BPT,Beaumont/Port Arthur,TX,269.7,331.36,2120.0
Q2_2020,BRO,Brownsville,TX,304.27,373.83,12172.0
Q2_2020,CLL,College Station/Bryan,TX,292.2,359.01,3669.0
Q2_2020,CRP,Corpus Christi,TX,305.63,375.51,19530.0
Q2_2020,DFW,Dallas-DFW,TX,288.01,353.86,894683.0
Q2_2020,DAL,Dallas-Love Field,TX,216.92,266.52,289935.0
Q2_2020,DRT,Del Rio,TX,296.1,363.8,
Q2_2020,ELP,El Paso,TX,267.15,328.24,120309.0
Q2_2020,HRL,Harlingen/San Benito,TX,224.37,275.67,29191.0
Q2_2020,HOU,Houston-Hobby,TX,235.24,289.03,229047.0
Q2_2020,IAH,Houston-Intercontinental,TX,335.12,411.74,627878.0
Q2_2020,GRK,Killeen,TX,268.77,330.22,5882.0
Q2_2020,LRD,Laredo,TX,315.52,387.66,9858.0
Q2_2020,GGG,Longview,TX,292.52,359.4,2190.0
Q2_2020,LBB,Lubbock,TX,256.69,315.38,30395.0
Q2_2020,MAF,Midland/Odessa,TX,290.79,357.27,41759.0
Q2_2020,MFE,Mission/McAllen/Edinburg,TX,302.36,371.49,39274.0
Q2_2020,SJT,San Angelo,TX,342.34,420.61,2754.0
Q2_2020,SAT,San Antonio,TX,262.7,322.76,261417.0
Q2_2020,TYR,Tyler,TX,305.12,374.88,3286.0
Q2_2020,VCT,Victoria,TX,486.0,597.12,783.0
Q2_2020,ACT,Waco,TX,281.36,345.69,3244.0
Q2_2020,SPS,Wichita Falls,TX,330.15,405.63,1907.0
Q2_2020,CNY,Moab,UT,369.25,453.67,241.0
Q2_2020,OGD,Ogden,UT,82.09,100.86,1155.0
Q2_2020,PVU,Provo,UT,105.93,130.15,27400.0
Q2_2020,SLC,Salt Lake City,UT,297.77,365.85,434499.0
Q2_2020,SGU,St. George,UT,254.8,313.06,7927.0
Q2_2020,VEL,Vernal,UT,468.86,576.06,303.0
Q2_2020,CHO,Charlottesville,VA,268.31,329.66,20466.0
Q2_2020,LYH,Lynchburg,VA,316.83,389.27,4980.0
Q2_2020,PHF,Newport News/Williamsburg,VA,287.29,352.97,3955.0
Q2_2020,ORF,Norfolk,VA,291.82,358.55,135070.0
Q2_2020,RIC,Richmond,VA,270.27,332.06,145166.0
Q2_2020,ROA,Roanoke,VA,299.34,367.78,21008.0
Q2_2020,SHD,Staunton,VA,423.77,520.66,349.0
Q2_2020,STT,Charlotte Amalie,VI,333.96,410.31,23386.0
Q2_2020,STX,Christiansted,VI,451.61,554.87,8986.0
Q2_2020,BTV,Burlington,VT,334.98,411.57,36575.0
Q2_2020,RUT,Rutland,VT,289.43,355.6,124.0
Q2_2020,BLI,Bellingham,WA,177.44,218.01,17664.0
Q2_2020,PAE,Everett,WA,251.64,309.17,19523.0
Q2_2020,PSC,Pasco/Kennewick/Richland,WA,291.52,358.18,27906.0
Q2_2020,PUW,Pullman,WA,305.88,375.82,3643.0
Q2_2020,SEA,Seattle,WA,270.65,332.53,880202.0
Q2_2020,GEG,Spokane,WA,278.16,341.76,112587.0
Q2_2020,ALW,Walla Walla,WA,309.91,380.77,1977.0
Q2_2020,EAT,Wenatchee,WA,296.68,364.51,2587.0
Q2_2020,YKM,Yakima,WA,354.33,435.34,2476.0
Q2_2020,ATW,Appleton,WI,249.47,306.5,35369.0
Q2_2020,EAU,Eau Claire,WI,380.45,467.43,1210.0
Q2_2020,GRB,Green Bay,WI,296.25,363.99,18187.0
Q2_2020,LSE,La Crosse,WI,231.41,284.33,1939.0
Q2_2020,MSN,Madison,WI,300.45,369.14,67201.0
Q2_2020,MKE,Milwaukee,WI,262.0,321.9,179994.0
Q2_2020,CWA,Mosinee,WI,298.24,366.43,5375.0
Q2_2020,RHI,Rhinelander,WI,374.68,460.34,1431.0
Q2_2020,HTS,Ashland,WV,141.89,174.33,6189.0
Q2_2020,CRW,Charleston/Dunbar,WV,323.55,397.53,11747.0
Q2_2020,CKB,Clarksburg/Fairmont,WV,166.71,204.82,2195.0
Q2_2020,LWB,Lewisburg,WV,334.09,410.48,236.0
Q2_2020,MGW,Morgantown,WV,273.0,335.42,201.0
Q2_2020,PKB,Parkersburg,WV,361.0,443.54,174.0
Q2_2020,CPR,Casper,WY,434.48,533.81,5500.0
Q2_2020,CYS,Cheyenne,WY,177.0,217.47,1741.0
Q2_2020,COD,Cody,WY,404.89,497.47,1631.0
Q2_2020,GCC,Gillette,WY,378.98,465.63,1653.0
Q2_2020,JAC,Jackson,WY,433.23,532.29,16840.0
Q2_2020,LAR,Laramie,WY,380.64,467.67,961.0
Q2_2020,RIW,Riverton/Lander,WY,476.35,585.27,1179.0
Q2_2020,RKS,Rock Springs,WY,464.73,570.99,1198.0
Q2_2020,SHR,Sheridan,WY,424.18,521.17,1488.0
Q3_2020,ADK,Adak Island,AK,967.29,1175.15,57.0
Q3_2020,ANC,Anchorage,AK,372.16,452.14,113291.0
Q3_2020,BRW,Barrow,AK,433.22,526.32,1914.0
Q3_2020,BET,Bethel,AK,354.35,430.5,5442.0
Q3_2020,CDB,Cold Bay,AK,691.95,840.65,5.0
Q3_2020,CDV,Cordova,AK,437.48,531.49,811.0
Q3_2020,SCC,Deadhorse,AK,458.82,557.42,1933.0
Q3_2020,DLG,Dillingham,AK,448.77,545.21,1385.0
Q3_2020,FAI,Fairbanks,AK,367.72,446.75,27618.0
Q3_2020,GST,Gustavus,AK,206.54,250.92,162.0
Q3_2020,JNU,Juneau,AK,349.41,424.5,14056.0
Q3_2020,KTN,Ketchikan,AK,397.28,482.65,5377.0
Q3_2020,AKN,King Salmon,AK,516.61,627.62,959.0
Q3_2020,ADQ,Kodiak,AK,453.18,550.56,3500.0
Q3_2020,OTZ,Kotzebue,AK,459.71,558.5,2107.0
Q3_2020,OME,Nome,AK,501.13,608.82,2311.0
Q3_2020,PSG,Petersburg,AK,419.0,509.04,1000.0
Q3_2020,SIT,Sitka,AK,381.07,462.96,3745.0
Q3_2020,VDZ,Valdez,AK,441.0,535.77,12.0
Q3_2020,WRG,Wrangell,AK,401.96,488.33,631.0
Q3_2020,YAK,Yakutat,AK,414.93,504.09,370.0
Q3_2020,BHM,Birmingham,AL,276.34,335.72,87795.0
Q3_2020,DHN,Dothan,AL,444.55,540.08,1974.0
Q3_2020,HSV,Huntsville,AL,352.58,428.35,44464.0
Q3_2020,MOB,Mobile,AL,315.07,382.78,15611.0
Q3_2020,MGM,Montgomery,AL,339.87,412.9,10260.0
Q3_2020,MSL,Muscle Shoals,AL,329.83,400.71,91.0
Q3_2020,ELD,El Dorado,AR,207.0,251.48,24.0
Q3_2020,XNA,Fayetteville,AR,296.19,359.84,60392.0
Q3_2020,FSM,Fort Smith,AR,365.15,443.62,3187.0
Q3_2020,HRO,Harrison,AR,410.0,498.11,30.0
Q3_2020,HOT,Hot Springs,AR,526.5,639.64,39.0
Q3_2020,LIT,Little Rock,AR,264.63,321.49,63818.0
Q3_2020,TXK,Texarkana,AR,362.72,440.67,2325.0
Q3_2020,FLG,Flagstaff,AZ,295.83,359.4,3507.0
Q3_2020,PGA,Page,AZ,443.33,538.6,143.0
Q3_2020,PHX,Phoenix,AZ,244.91,297.54,825399.0
Q3_2020,AZA,Phoenix,AZ,111.97,136.03,40330.0
Q3_2020,PRC,Prescott,AZ,390.07,473.9,525.0
Q3_2020,SOW,Show Low,AZ,389.4,473.08,62.0
Q3_2020,TUS,Tucson,AZ,267.71,325.24,102184.0
Q3_2020,YUM,Yuma,AZ,367.92,446.99,4071.0
Q3_2020,ACV,Arcata/Eureka,CA,409.33,497.29,7528.0
Q3_2020,BFL,Bakersfield,CA,344.23,418.2,11994.0
Q3_2020,BUR,Burbank,CA,219.57,266.75,183243.0
Q3_2020,IPL,El Centro,CA,227.33,276.19,141.0
Q3_2020,FAT,Fresno,CA,301.39,366.16,65689.0
Q3_2020,LGB,Long Beach,CA,201.42,244.7,102848.0
Q3_2020,LAX,Los Angeles,CA,250.19,303.95,1284083.0
Q3_2020,MCE,Merced,CA,203.0,246.62,
Q3_2020,MRY,Monterey,CA,312.36,379.48,14130.0
Q3_2020,OAK,Oakland,CA,202.82,246.41,268902.0
Q3_2020,ONT,Ontario,CA,259.18,314.88,198746.0
Q3_2020,PSP,Palm Springs,CA,315.54,383.35,52513.0
Q3_2020,RDD,Redding,CA,402.24,488.68,5149.0
Q3_2020,SMF,Sacramento,CA,251.34,305.36,367629.0
Q3_2020,SAN,San Diego,CA,249.87,303.56,596023.0
Q3_2020,SFO,San Francisco,CA,287.45,349.22,844286.0
Q3_2020,SJC,San Jose,CA,222.66,270.51,305263.0
Q3_2020,SBP,San Luis Obispo,CA,333.41,405.05,19797.0
Q3_2020,SNA,Santa Ana,CA,271.18,329.45,254126.0
Q3_2020,SBA,Santa Barbara,CA,320.17,388.98,36080.0
Q3_2020,SMX,Santa Maria,CA,89.38,108.59,739.0
Q3_2020,STS,Santa Rosa,CA,291.72,354.4,21711.0
Q3_2020,SCK,Stockton,CA,119.11,144.7,3948.0
Q3_2020,ALS,Alamosa,CO,343.32,417.09,295.0
Q3_2020,ASE,Aspen,CO,450.84,547.72,11153.0
Q3_2020,COS,Colorado Springs,CO,288.35,350.31,67750.0
Q3_2020,CEZ,Cortez,CO,374.52,455.0,98.0
Q3_2020,DEN,Denver,CO,214.75,260.9,1023630.0
Q3_2020,DRO,Durango,CO,389.9,473.68,11912.0
Q3_2020,EGE,Eagle,CO,439.44,533.87,7923.0
Q3_2020,GJT,Grand Junction,CO,330.23,401.2,13880.0
Q3_2020,GUC,Gunnison,CO,387.96,471.33,1725.0
Q3_2020,HDN,Hayden,CO,346.63,421.12,6709.0
Q3_2020,MTJ,Montrose/Delta,CO,374.75,455.28,10218.0
Q3_2020,PUB,Pueblo,CO,345.26,419.45,86.0
Q3_2020,TEX,Telluride,CO,511.47,621.38,162.0
Q3_2020,BDL,Hartford,CT,252.96,307.32,210677.0
Q3_2020,HVN,New Haven,CT,245.16,297.85,45855.0
Q3_2020,IAD,Washington-Dulles,DC,301.95,366.84,316263.0
Q3_2020,DCA,Washington-Reagan National,DC,255.74,310.7,547638.0
Q3_2020,DAB,Daytona Beach,FL,291.89,354.61,16860.0
Q3_2020,FLL,Fort Lauderdale,FL,185.73,225.64,585196.0
Q3_2020,RSW,Fort Myers,FL,231.04,280.69,215751.0
Q3_2020,GNV,Gainesville,FL,307.9,374.07,16639.0
Q3_2020,JAX,Jacksonville,FL,256.61,311.75,190561.0
Q3_2020,EYW,Key West,FL,304.95,370.48,16616.0
Q3_2020,MLB,Melbourne,FL,305.49,371.14,12470.0
Q3_2020,MIA,Miami,FL,214.84,261.01,478084.0
Q3_2020,MCO,Orlando,FL,191.86,233.09,845562.0
Q3_2020,ECP,Panama City,FL,244.35,296.85,33188.0
Q3_2020,PNS,Pensacola,FL,257.6,312.96,72946.0
Q3_2020,PGD,Punta Gorda,FL,100.39,121.96,37063.0
Q3_2020,SFB,Sanford,FL,96.48,117.21,48131.0
Q3_2020,SRQ,Sarasota/Bradenton,FL,247.89,301.16,86365.0
Q3_2020,PIE,St. Petersburg,FL,97.97,119.03,48668.0
Q3_2020,TLH,Tallahassee,FL,330.75,401.83,25686.0
Q3_2020,TPA,Tampa,FL,230.78,280.37,534514.0
Q3_2020,VPS,Valparaiso,FL,249.98,303.7,38296.0
Q3_2020,PBI,West Palm Beach/Palm Beach,FL,257.24,312.52,207211.0
Q3_2020,ABY,Albany,GA,331.06,402.21,1697.0
Q3_2020,ATL,Atlanta,GA,250.26,304.04,1012618.0
Q3_2020,AGS,Augusta,GA,298.02,362.06,17458.0
Q3_2020,BQK,Brunswick,GA,359.91,437.26,1856.0
Q3_2020,CSG,Columbus,GA,352.44,428.17,3020.0
Q3_2020,MCN,Macon,GA,273.0,331.67,2.0
Q3_2020,SAV,Savannah,GA,288.97,351.07,85268.0
Q3_2020,VLD,Valdosta,GA,391.9,476.11,2803.0
Q3_2020,ITO,Hilo,HI,143.48,174.31,37948.0
Q3_2020,HNL,Honolulu,HI,267.52,325.01,355128.0
Q3_2020,MKK,Hoolehua,HI,200.29,243.34,39.0
Q3_2020,OGG,Kahului,HI,201.3,244.56,112368.0
Q3_2020,KOA,Kona,HI,212.67,258.38,75880.0
Q3_2020,LNY,Lanai,HI,220.23,267.56,16.0
Q3_2020,LIH,Lihue,HI,180.44,219.22,66233.0
Q3_2020,CID,Cedar Rapids/Iowa City,IA,253.36,307.8,46040.0
Q3_2020,DSM,Des Moines,IA,233.85,284.11,91115.0
Q3_2020,DBQ,Dubuque,IA,261.36,317.52,388.0
Q3_2020,SUX,Sioux City,IA,330.81,401.9,1055.0
Q3_2020,ALO,Waterloo,IA,257.14,312.4,493.0
Q3_2020,BOI,Boise,ID,252.49,306.74,135151.0
Q3_2020,IDA,Idaho Falls,ID,327.29,397.62,17151.0
Q3_2020,LWS,Lewiston,ID,333.2,404.8,3448.0
Q3_2020,PIH,Pocatello,ID,391.76,475.95,1386.0
Q3_2020,SUN,Sun Valley/Hailey/Ketchum,ID,421.6,512.19,4889.0
Q3_2020,TWF,Twin Falls,ID,377.67,458.82,1848.0
Q3_2020,BLV,Belleville,IL,97.71,118.71,11114.0
Q3_2020,BMI,Bloomington/Normal,IL,228.59,277.72,9540.0
Q3_2020,CMI,Champaign/Urbana,IL,358.76,435.85,4867.0
Q3_2020,MDW,Chicago-Midway,IL,185.29,225.1,349329.0
Q3_2020,ORD,Chicago-O'Hare,IL,209.33,254.32,1089038.0
Q3_2020,DEC,Decatur,IL,303.68,368.93,596.0
Q3_2020,MWA,Marion/Herrin,IL,361.31,438.95,227.0
Q3_2020,MLI,Moline,IL,264.32,321.12,20094.0
Q3_2020,PIA,Peoria,IL,210.35,255.56,22607.0
Q3_2020,UIN,Quincy,IL,273.35,332.1,105.0
Q3_2020,RFD,Rockford,IL,103.92,126.25,9435.0
Q3_2020,SPI,Springfield,IL,244.88,297.51,3455.0
Q3_2020,EVV,Evansville,IN,286.72,348.33,10601.0
Q3_2020,FWA,Fort Wayne,IN,249.5,303.12,26685.0
Q3_2020,IND,Indianapolis,IN,240.43,292.1,289135.0
Q3_2020,SBN,South Bend,IN,240.54,292.23,27926.0
Q3_2020,DDC,Dodge City,KS,347.08,421.66,384.0
Q3_2020,GCK,Garden City,KS,304.53,369.97,1613.0
Q3_2020,HYS,Hays,KS,391.84,476.04,735.0
Q3_2020,LBL,Liberal,KS,377.58,458.71,386.0
Q3_2020,MHK,Manhattan/Ft. Riley,KS,376.11,456.93,4941.0
Q3_2020,SLN,Salina,KS,337.22,409.69,764.0
Q3_2020,ICT,Wichita,KS,253.86,308.41,50450.0
Q3_2020,LEX,Lexington,KY,277.53,337.17,42439.0
Q3_2020,SDF,Louisville,KY,248.82,302.29,122639.0
Q3_2020,OWB,Owensboro,KY,122.27,148.54,129.0
Q3_2020,PAH,Paducah,KY,389.17,472.8,376.0
Q3_2020,AEX,Alexandria,LA,349.75,424.9,5014.0
Q3_2020,BTR,Baton Rouge,LA,312.05,379.11,22788.0
Q3_2020,LFT,Lafayette,LA,340.0,413.06,14541.0
Q3_2020,LCH,Lake Charles,LA,344.43,418.45,5431.0
Q3_2020,MLU,Monroe,LA,339.62,412.6,6137.0
Q3_2020,MSY,New Orleans,LA,219.35,266.48,268725.0
Q3_2020,SHV,Shreveport,LA,312.04,379.09,19446.0
Q3_2020,BOS,Boston,MA,233.59,283.78,986868.0
Q3_2020,HYA,Hyannis,MA,180.45,219.23,950.0
Q3_2020,MVY,Martha's Vineyard,MA,255.51,310.42,3230.0
Q3_2020,ACK,Nantucket,MA,280.17,340.38,5436.0
Q3_2020,PVC,Provincetown,MA,330.46,401.48,94.0
Q3_2020,ORH,Worcester,MA,251.82,305.94,9491.0
Q3_2020,BWI,Baltimore,MD,220.46,267.84,489183.0
Q3_2020,HGR,Hagerstown,MD,89.98,109.31,2783.0
Q3_2020,SBY,Salisbury,MD,314.19,381.71,3343.0
Q3_2020,AUG,Augusta/Waterville,ME,286.7,348.31,161.0
Q3_2020,BGR,Bangor,ME,281.58,342.09,19034.0
Q3_2020,BHB,Bar Harbor,ME,239.5,290.97,193.0
Q3_2020,PWM,Portland,ME,252.59,306.87,65280.0
Q3_2020,PQI,Presque Isle/Houlton,ME,344.19,418.16,1349.0
Q3_2020,RKD,Rockland,ME,358.75,435.84,152.0
Q3_2020,APN,Alpena,MI,346.61,421.1,707.0
Q3_2020,DTW,Detroit,MI,253.57,308.06,572843.0
Q3_2020,ESC,Escanaba,MI,342.07,415.57,951.0
Q3_2020,FNT,Flint,MI,202.53,246.05,19789.0
Q3_2020,GRR,Grand Rapids,MI,247.9,301.17,122792.0
Q3_2020,CMX,Hancock/Houghton,MI,325.01,394.85,1092.0
Q3_2020,IMT,Iron Mountain/Kingsfd,MI,342.78,416.44,1197.0
Q3_2020,IWD,Ironwood,MI,278.0,337.74,148.0
Q3_2020,AZO,Kalamazoo,MI,290.74,353.22,5637.0
Q3_2020,LAN,Lansing,MI,272.79,331.41,6720.0
Q3_2020,MQT,Marquette,MI,302.68,367.72,2316.0
Q3_2020,MKG,Muskegon,MI,318.24,386.63,107.0
Q3_2020,PLN,Pellston,MI,386.91,470.05,1430.0
Q3_2020,MBS,Saginaw/Bay City/Midland,MI,369.92,449.41,6283.0
Q3_2020,CIU,Sault Ste. Marie,MI,388.12,471.53,1670.0
Q3_2020,TVC,Traverse City,MI,312.44,379.59,19320.0
Q3_2020,BJI,Bemidji,MN,385.56,468.41,1737.0
Q3_2020,BRD,Brainerd,MN,358.27,435.26,964.0
Q3_2020,DLH,Duluth,MN,306.71,372.61,7375.0
Q3_2020,HIB,Hibbing,MN,371.73,451.61,660.0
Q3_2020,INL,International Falls,MN,342.23,415.78,580.0
Q3_2020,MKT,Mankato,MN,162.0,196.81,
Q3_2020,MSP,Minneapolis,MN,239.39,290.83,657943.0
Q3_2020,RST,Rochester,MN,257.25,312.53,4832.0
Q3_2020,STC,St. Cloud,MN,96.37,117.08,1726.0
Q3_2020,TVF,Thief River Falls,MN,359.4,436.63,96.0
Q3_2020,BKG,Branson,MO,97.91,118.95,105.0
Q3_2020,CGI,Cape Girardeau,MO,328.38,398.95,155.0
Q3_2020,COU,Columbia,MO,292.03,354.79,5375.0
Q3_2020,TBN,Fort Leonard Wood,MO,310.18,376.84,177.0
Q3_2020,JLN,Joplin,MO,314.88,382.54,681.0
Q3_2020,MCI,Kansas City,MO,246.47,299.44,297424.0
Q3_2020,IRK,Kirksville,MO,382.45,464.64,133.0
Q3_2020,SGF,Springfield,MO,274.4,333.36,37755.0
Q3_2020,STL,St. Louis,MO,242.9,295.1,317689.0
Q3_2020,GTR,Columbus,MS,376.89,457.88,2412.0
Q3_2020,GLH,Greenville,MS,240.8,292.55,61.0
Q3_2020,GPT,Gulfport/Biloxi,MS,295.3,358.76,16550.0
Q3_2020,PIB,Hattiesburg/Laurel,MS,357.57,434.41,484.0
Q3_2020,JAN,Jackson/Vicksburg,MS,368.41,447.58,35868.0
Q3_2020,MEI,Meridian,MS,376.49,457.4,844.0
Q3_2020,TUP,Tupelo,MS,346.64,421.13,126.0
Q3_2020,BIL,Billings,MT,302.98,368.09,25278.0
Q3_2020,BZN,Bozeman,MT,300.06,364.54,56214.0
Q3_2020,BTM,Butte,MT,386.71,469.81,907.0
Q3_2020,GGW,Glasgow,MT,266.0,323.16,12.0
Q3_2020,GDV,Glendive,MT,177.0,215.04,29.0
Q3_2020,GTF,Great Falls,MT,340.46,413.62,10663.0
Q3_2020,HVR,Havre,MT,434.0,527.26,14.0
Q3_2020,HLN,Helena,MT,338.77,411.56,5609.0
Q3_2020,FCA,Kalispell,MT,302.22,367.17,21498.0
Q3_2020,MSO,Missoula,MT,285.97,347.42,25558.0
Q3_2020,SDY,Sidney,MT,450.33,547.11,67.0
Q3_2020,WYS,West Yellowstone,MT,313.08,380.35,259.0
Q3_2020,OLF,Wolf Point,MT,408.5,496.28,19.0
Q3_2020,AVL,Asheville,NC,233.16,283.26,52773.0
Q3_2020,CLT,Charlotte,NC,279.57,339.64,446301.0
Q3_2020,USA,Concord,NC,95.64,116.19,6582.0
Q3_2020,FAY,Fayetteville,NC,317.54,385.78,10527.0
Q3_2020,GSO,Greensboro/High Point,NC,288.95,351.04,52146.0
Q3_2020,PGV,Greenville,NC,299.75,364.17,2490.0
Q3_2020,OAJ,Jacksonville/Camp Lejeune,NC,310.4,377.11,8903.0
Q3_2020,EWN,New Bern/Morehead/Beaufort,NC,344.48,418.5,5024.0
Q3_2020,RDU,Raleigh/Durham,NC,246.81,299.85,403082.0
Q3_2020,ILM,Wilmington,NC,305.98,371.73,38008.0
Q3_2020,BIS,Bismarck/Mandan,ND,297.91,361.93,17904.0
Q3_2020,DVL,Devils Lake,ND,405.74,492.93,390.0
Q3_2020,DIK,Dickinson,ND,433.57,526.74,1442.0
Q3_2020,FAR,Fargo,ND,292.42,355.26,32694.0
Q3_2020,GFK,Grand Forks,ND,391.02,475.05,5419.0
Q3_2020,JMS,Jamestown,ND,388.37,471.82,407.0
Q3_2020,MOT,Minot,ND,354.89,431.16,10415.0
Q3_2020,XWA,Williston,ND,442.41,537.48,6630.0
Q3_2020,AIA,Alliance,NE,411.25,499.62,92.0
Q3_2020,CDR,Chadron,NE,277.88,337.59,29.0
Q3_2020,GRI,Grand Island,NE,201.61,244.93,3849.0
Q3_2020,EAR,Kearney,NE,386.63,469.72,618.0
Q3_2020,LNK,Lincoln,NE,327.55,397.93,6629.0
Q3_2020,MCK,McCook,NE,291.75,354.44,67.0
Q3_2020,LBF,North Platte,NE,392.72,477.11,919.0
Q3_2020,OMA,Omaha,NE,245.3,298.01,143403.0
Q3_2020,BFF,Scottsbluff,NE,361.39,439.05,635.0
Q3_2020,LEB,Lebanon-Hanover,NH,338.43,411.15,231.0
Q3_2020,MHT,Manchester,NH,254.99,309.79,37031.0
Q3_2020,PSM,Portsmouth,NH,98.92,120.18,3847.0
Q3_2020,ACY,Atlantic City,NJ,82.82,100.62,28530.0
Q3_2020,EWR,Newark,NJ,215.01,261.22,940299.0
Q3_2020,TTN,Trenton,NJ,105.24,127.85,16828.0
Q3_2020,ABQ,Albuquerque,NM,239.08,290.45,133295.0
Q3_2020,CNM,Carlsbad,NM,393.0,477.45,
Q3_2020,CVN,Clovis,NM,561.0,681.55,247.0
Q3_2020,HOB,Hobbs,NM,407.02,494.49,1481.0
Q3_2020,ROW,Roswell,NM,380.82,462.65,2702.0
Q3_2020,SAF,Santa Fe,NM,311.9,378.93,7660.0
Q3_2020,EKO,Elko,NV,458.68,557.24,773.0
Q3_2020,LAS,Las Vegas,NV,186.01,225.98,675568.0
Q3_2020,RNO,Reno,NV,256.04,311.06,109805.0
Q3_2020,ALB,Albany,NY,253.3,307.73,88845.0
Q3_2020,BGM,Binghamton,NY,316.89,384.99,1769.0
Q3_2020,BUF,Buffalo,NY,239.03,290.39,146872.0
Q3_2020,ELM,Elmira/Corning,NY,336.74,409.1,5534.0
Q3_2020,ISP,Islip,NY,202.3,245.78,42627.0
Q3_2020,ITH,Ithaca/Cortland,NY,266.45,323.71,3911.0
Q3_2020,MSS,Massena,NY,266.22,323.43,52.0
Q3_2020,JFK,New York-JFK,NY,281.08,341.48,750626.0
Q3_2020,LGA,New York-La Guardia,NY,211.44,256.87,795129.0
Q3_2020,SWF,Newburgh/Poughkeepsie,NY,150.73,183.12,6432.0
Q3_2020,IAG,Niagara Falls,NY,89.05,108.18,4190.0
Q3_2020,OGS,Ogdensburg,NY,342.87,416.55,204.0
Q3_2020,PBG,Plattsburgh,NY,272.3,330.82,6860.0
Q3_2020,ROC,Rochester,NY,250.61,304.47,81114.0
Q3_2020,SLK,Saranac Lake/Lake Placid,NY,408.33,496.08,86.0
Q3_2020,SYR,Syracuse,NY,270.38,328.49,94536.0
Q3_2020,ART,Watertown,NY,278.74,338.64,1484.0
Q3_2020,HPN,White Plains,NY,256.51,311.63,85416.0
Q3_2020,CAK,Akron,OH,275.55,334.76,25340.0
Q3_2020,CVG,Cincinnati,OH,219.98,267.25,254552.0
Q3_2020,CLE,Cleveland,OH,211.19,256.58,275340.0
Q3_2020,CMH,Columbus,OH,245.53,298.29,244751.0
Q3_2020,LCK,Columbus,OH,99.57,120.97,10393.0
Q3_2020,DAY,Dayton,OH,278.96,338.9,35189.0
Q3_2020,TOL,Toledo,OH,200.99,244.19,4355.0
Q3_2020,LAW,Lawton/Fort Sill,OK,329.57,400.39,2405.0
Q3_2020,OKC,Oklahoma City,OK,262.3,318.67,121164.0
Q3_2020,SWO,Stillwater,OK,305.69,371.38,2029.0
Q3_2020,TUL,Tulsa,OK,253.16,307.56,88037.0
Q3_2020,RDM,Bend/Redmond,OR,286.49,348.05,33127.0
Q3_2020,EUG,Eugene,OR,286.44,348.0,48046.0
Q3_2020,MFR,Medford,OR,292.93,355.88,28387.0
Q3_2020,OTH,North Bend/Coos Bay,OR,379.47,461.01,780.0
Q3_2020,PDT,Pendleton,OR,455.75,553.69,17.0
Q3_2020,PDX,Portland,OR,257.35,312.65,441785.0
Q3_2020,ABE,Allentown/Bethlehem/Easton,PA,210.42,255.64,29795.0
Q3_2020,AOO,Altoona,PA,367.13,446.02,134.0
Q3_2020,BFD,Bradford,PA,336.5,408.81,62.0
Q3_2020,DUJ,DuBois,PA,381.57,463.57,140.0
Q3_2020,ERI,Erie,PA,279.45,339.51,2916.0
Q3_2020,MDT,Harrisburg,PA,278.95,338.89,42667.0
Q3_2020,JST,Johnstown,PA,291.7,354.38,813.0
Q3_2020,LNS,Lancaster,PA,361.0,438.58,320.0
Q3_2020,LBE,Latrobe,PA,87.02,105.72,5672.0
Q3_2020,PHL,Philadelphia,PA,218.63,265.61,618958.0
Q3_2020,PIT,Pittsburgh,PA,239.16,290.55,273272.0
Q3_2020,AVP,Scranton/Wilkes-Barre,PA,322.56,391.88,14115.0
Q3_2020,SCE,State College,PA,290.87,353.37,7557.0
Q3_2020,IPT,Williamsport,PA,318.48,386.92,39.0
Q3_2020,BQN,Aguadilla,PR,264.0,320.73,20736.0
Q3_2020,CPX,Culebra,PR,200.5,243.59,15.0
Q3_2020,MAZ,Mayaguez,PR,208.91,253.8,57.0
Q3_2020,SJU,San Juan,PR,177.15,215.22,262979.0
Q3_2020,VQS,Vieques,PR,740.0,899.02,59.0
Q3_2020,PVD,Providence,RI,227.61,276.52,123931.0
Q3_2020,CHS,Charleston,SC,253.71,308.23,144183.0
Q3_2020,CAE,Columbia,SC,300.84,365.49,35315.0
Q3_2020,FLO,Florence,SC,308.66,374.99,1496.0
Q3_2020,GSP,Greer,SC,273.45,332.21,74606.0
Q3_2020,HHH,Hilton Head,SC,294.99,358.39,3578.0
Q3_2020,MYR,Myrtle Beach,SC,193.72,235.34,67308.0
Q3_2020,ABR,Aberdeen,SD,357.74,434.62,1417.0
Q3_2020,PIR,Pierre,SD,358.32,435.32,507.0
Q3_2020,RAP,Rapid City,SD,316.29,384.26,20028.0
Q3_2020,FSD,Sioux Falls,SD,276.3,335.68,40697.0
Q3_2020,ATY,Watertown,SD,362.38,440.26,281.0
Q3_2020,TRI,Bristol/Johnson City/Kingsport,TN,339.14,412.02,12639.0
Q3_2020,CHA,Chattanooga,TN,301.81,366.66,31471.0
Q3_2020,TYS,Knoxville,TN,272.92,331.57,80983.0
Q3_2020,MEM,Memphis,TN,251.96,306.1,133439.0
Q3_2020,BNA,Nashville,TN,225.26,273.66,441195.0
Q3_2020,GUM,Guam,TT,1360.04,1652.3,4466.0
Q3_2020,SPN,Saipan,TT,768.1,933.16,1357.0
Q3_2020,ABI,Abilene,TX,355.1,431.41,5572.0
Q3_2020,AMA,Amarillo,TX,272.33,330.85,21618.0
Q3_2020,AUS,Austin,TX,244.87,297.49,472888.0
Q3_2020,BPT,Beaumont/Port Arthur,TX,344.01,417.94,2120.0
Q3_2020,BRO,Brownsville,TX,276.73,336.19,12172.0
Q3_2020,CLL,College Station/Bryan,TX,283.78,344.76,3669.0
Q3_2020,CRP,Corpus Christi,TX,293.11,356.1,19530.0
Q3_2020,DFW,Dallas-DFW,TX,263.12,319.66,894683.0
Q3_2020,DAL,Dallas-Love Field,TX,215.22,261.46,289935.0
Q3_2020,DRT,Del Rio,TX,296.7,360.46,
Q3_2020,ELP,El Paso,TX,259.29,315.01,120309.0
Q3_2020,HRL,Harlingen/San Benito,TX,227.84,276.8,29191.0
Q3_2020,HOU,Houston-Hobby,TX,226.47,275.13,229047.0
Q3_2020,IAH,Houston-Intercontinental,TX,266.48,323.75,627878.0
Q3_2020,GRK,Killeen,TX,295.76,359.31,5882.0
Q3_2020,LRD,Laredo,TX,310.88,377.69,9858.0
Q3_2020,GGG,Longview,TX,328.06,398.55,2190.0
Q3_2020,LBB,Lubbock,TX,264.34,321.15,30395.0
Q3_2020,MAF,Midland/Odessa,TX,278.03,337.77,41759.0
Q3_2020,MFE,Mission/McAllen/Edinburg,TX,278.55,338.41,39274.0
Q3_2020,SJT,San Angelo,TX,368.54,447.74,2754.0
Q3_2020,SAT,San Antonio,TX,260.73,316.76,261417.0
Q3_2020,TYR,Tyler,TX,357.17,433.92,3286.0
Q3_2020,VCT,Victoria,TX,360.85,438.39,783.0
Q3_2020,ACT,Waco,TX,350.1,425.34,3244.0
Q3_2020,SPS,Wichita Falls,TX,344.9,419.02,1907.0
Q3_2020,CDC,Cedar City,UT,290.06,352.39,732.0
Q3_2020,CNY,Moab,UT,295.53,359.04,241.0
Q3_2020,OGD,Ogden,UT,74.44,90.44,1155.0
Q3_2020,PVU,Provo,UT,94.21,114.46,27400.0
Q3_2020,SLC,Salt Lake City,UT,288.44,350.42,434499.0
Q3_2020,SGU,St. George,UT,278.91,338.85,7927.0
Q3_2020,VEL,Vernal,UT,368.05,447.14,303.0
Q3_2020,CHO,Charlottesville,VA,297.16,361.01,20466.0
Q3_2020,LYH,Lynchburg,VA,306.04,371.81,4980.0
Q3_2020,PHF,Newport News/Williamsburg,VA,312.03,379.08,3955.0
Q3_2020,ORF,Norfolk,VA,282.33,343.0,135070.0
Q3_2020,RIC,Richmond,VA,261.06,317.16,145166.0
Q3_2020,ROA,Roanoke,VA,308.55,374.85,21008.0
Q3_2020,SHD,Staunton,VA,387.02,470.18,349.0
Q3_2020,STT,Charlotte Amalie,VI,315.28,383.03,23386.0
Q3_2020,STX,Christiansted,VI,375.05,455.64,8986.0
Q3_2020,BTV,Burlington,VT,312.0,379.04,36575.0
Q3_2020,RUT,Rutland,VT,374.8,455.34,124.0
Q3_2020,BLI,Bellingham,WA,196.9,239.21,17664.0
Q3_2020,PAE,Everett,WA,234.26,284.59,19523.0
Q3_2020,PSC,Pasco/Kennewick/Richland,WA,303.62,368.86,27906.0
Q3_2020,PUW,Pullman,WA,326.21,396.31,3643.0
Q3_2020,SEA,Seattle,WA,254.61,309.33,880202.0
Q3_2020,GEG,Spokane,WA,262.53,318.95,112587.0
Q3_2020,ALW,Walla Walla,WA,297.7,361.67,1977.0
Q3_2020,EAT,Wenatchee,WA,289.63,351.87,2587.0
Q3_2020,YKM,Yakima,WA,322.16,391.39,2476.0
Q3_2020,ATW,Appleton,WI,271.82,330.23,35369.0
Q3_2020,EAU,Eau Claire,WI,352.33,428.04,1210.0
Q3_2020,GRB,Green Bay,WI,310.31,376.99,18187.0
Q3_2020,LSE,La Crosse,WI,271.1,329.36,1939.0
Q3_2020,MSN,Madison,WI,277.47,337.1,67201.0
Q3_2020,MKE,Milwaukee,WI,248.23,301.57,179994.0
Q3_2020,CWA,Mosinee,WI,306.89,372.84,5375.0
Q3_2020,RHI,Rhinelander,WI,359.01,436.16,1431.0
Q3_2020,HTS,Ashland,WV,137.5,167.04,6189.0
Q3_2020,BKW,Beckley,WV,299.0,363.25,206.0
Q3_2020,CRW,Charleston/Dunbar,WV,329.32,400.09,11747.0
Q3_2020,CKB,Clarksburg/Fairmont,WV,225.69,274.19,2195.0
Q3_2020,LWB,Lewisburg,WV,305.18,370.76,236.0
Q3_2020,MGW,Morgantown,WV,293.62,356.71,201.0
Q3_2020,PKB,Parkersburg,WV,310.17,376.82,174.0
Q3_2020,CPR,Casper,WY,380.29,462.02,5500.0
Q3_2020,COD,Cody,WY,369.1,448.41,1631.0
Q3_2020,GCC,Gillette,WY,413.98,502.94,1653.0
Q3_2020,JAC,Jackson,WY,376.03,456.83,16840.0
Q3_2020,LAR,Laramie,WY,374.78,455.32,961.0
Q3_2020,RIW,Riverton/Lander,WY,364.02,442.25,1179.0
Q3_2020,RKS,Rock Springs,WY,433.3,526.41,1198.0
Q3_2020,SHR,Sheridan,WY,340.66,413.86,1488.0
Q4_2020,ADK,Adak Island,AK,895.29,1085.18,57.0
Q4_2020,ANC,Anchorage,AK,443.88,538.03,113291.0
Q4_2020,BRW,Barrow,AK,448.74,543.91,1914.0
Q4_2020,BET,Bethel,AK,371.63,450.46,5442.0
Q4_2020,CDB,Cold Bay,AK,735.0,890.9,5.0
Q4_2020,CDV,Cordova,AK,409.83,496.75,811.0
Q4_2020,SCC,Deadhorse,AK,528.59,640.7,1933.0
Q4_2020,DLG,Dillingham,AK,502.64,609.25,1385.0
Q4_2020,FAI,Fairbanks,AK,491.4,595.63,27618.0
Q4_2020,JNU,Juneau,AK,403.13,488.64,14056.0
Q4_2020,KTN,Ketchikan,AK,445.92,540.5,5377.0
Q4_2020,AKN,King Salmon,AK,464.11,562.55,959.0
Q4_2020,ADQ,Kodiak,AK,483.22,585.72,3500.0
Q4_2020,OTZ,Kotzebue,AK,504.71,611.76,2107.0
Q4_2020,OME,Nome,AK,502.72,609.35,2311.0
Q4_2020,PSG,Petersburg,AK,412.74,500.29,1000.0
Q4_2020,SIT,Sitka,AK,463.17,561.41,3745.0
Q4_2020,WRG,Wrangell,AK,494.14,598.95,631.0
Q4_2020,YAK,Yakutat,AK,554.48,672.08,370.0
Q4_2020,BHM,Birmingham,AL,308.28,373.66,87795.0
Q4_2020,DHN,Dothan,AL,509.51,617.59,1974.0
Q4_2020,HSV,Huntsville,AL,372.92,452.02,44464.0
Q4_2020,MOB,Mobile,AL,353.56,428.56,15611.0
Q4_2020,MGM,Montgomery,AL,374.43,453.85,10260.0
Q4_2020,MSL,Muscle Shoals,AL,260.45,315.7,91.0
Q4_2020,ELD,El Dorado,AR,373.5,452.72,24.0
Q4_2020,XNA,Fayetteville,AR,337.09,408.58,60392.0
Q4_2020,FSM,Fort Smith,AR,385.07,466.74,3187.0
Q4_2020,HRO,Harrison,AR,239.0,289.69,30.0
Q4_2020,HOT,Hot Springs,AR,290.5,352.12,39.0
Q4_2020,LIT,Little Rock,AR,285.91,346.56,63818.0
Q4_2020,TXK,Texarkana,AR,358.37,434.39,2325.0
Q4_2020,FLG,Flagstaff,AZ,315.47,382.39,3507.0
Q4_2020,PGA,Page,AZ,310.33,376.16,143.0
Q4_2020,PHX,Phoenix,AZ,260.63,315.91,825399.0
Q4_2020,AZA,Phoenix,AZ,122.4,148.36,40330.0
Q4_2020,PRC,Prescott,AZ,422.16,511.7,525.0
Q4_2020,SOW,Show Low,AZ,404.25,489.99,62.0
Q4_2020,TUS,Tucson,AZ,302.35,366.48,102184.0
Q4_2020,YUM,Yuma,AZ,383.31,464.61,4071.0
Q4_2020,ACV,Arcata/Eureka,CA,445.42,539.9,7528.0
Q4_2020,BFL,Bakersfield,CA,372.5,451.51,11994.0
Q4_2020,BUR,Burbank,CA,243.05,294.6,183243.0
Q4_2020,CEC,Crescent City,CA,307.0,372.12,
Q4_2020,IPL,El Centro,CA,266.92,323.53,141.0
Q4_2020,FAT,Fresno,CA,323.34,391.92,65689.0
Q4_2020,LGB,Long Beach,CA,209.86,254.37,102848.0
Q4_2020,LAX,Los Angeles,CA,268.09,324.95,1284083.0
Q4_2020,MCE,Merced,CA,287.33,348.28,
Q4_2020,MRY,Monterey,CA,335.91,407.15,14130.0
Q4_2020,OAK,Oakland,CA,232.42,281.72,268902.0
Q4_2020,ONT,Ontario,CA,277.56,336.43,198746.0
Q4_2020,PSP,Palm Springs,CA,294.31,356.74,52513.0
Q4_2020,RDD,Redding,CA,430.05,521.27,5149.0
Q4_2020,SMF,Sacramento,CA,278.68,337.79,367629.0
Q4_2020,SAN,San Diego,CA,280.69,340.22,596023.0
Q4_2020,SFO,San Francisco,CA,305.6,370.42,844286.0
Q4_2020,SJC,San Jose,CA,250.99,304.23,305263.0
Q4_2020,SBP,San Luis Obispo,CA,366.54,444.29,19797.0
Q4_2020,SNA,Santa Ana,CA,292.09,354.05,254126.0
Q4_2020,SBA,Santa Barbara,CA,375.71,455.4,36080.0
Q4_2020,SMX,Santa Maria,CA,96.43,116.89,739.0
Q4_2020,STS,Santa Rosa,CA,285.01,345.46,21711.0
Q4_2020,SCK,Stockton,CA,121.82,147.66,3948.0
Q4_2020,ALS,Alamosa,CO,360.02,436.38,295.0
Q4_2020,ASE,Aspen,CO,476.74,577.86,11153.0
Q4_2020,COS,Colorado Springs,CO,302.91,367.16,67750.0
Q4_2020,CEZ,Cortez,CO,358.65,434.72,98.0
Q4_2020,DEN,Denver,CO,222.43,269.61,1023630.0
Q4_2020,DRO,Durango,CO,420.97,510.26,11912.0
Q4_2020,EGE,Eagle,CO,426.37,516.8,7923.0
Q4_2020,GJT,Grand Junction,CO,341.09,413.43,13880.0
Q4_2020,GUC,Gunnison,CO,374.48,453.91,1725.0
Q4_2020,HDN,Hayden,CO,315.93,382.94,6709.0
Q4_2020,MTJ,Montrose/Delta,CO,346.92,420.5,10218.0
Q4_2020,PUB,Pueblo,CO,361.79,438.52,86.0
Q4_2020,TEX,Telluride,CO,572.5,693.93,162.0
Q4_2020,BDL,Hartford,CT,265.89,322.28,210677.0
Q4_2020,HVN,New Haven,CT,303.0,367.27,45855.0
Q4_2020,IAD,Washington-Dulles,DC,305.47,370.26,316263.0
Q4_2020,DCA,Washington-Reagan National,DC,271.03,328.52,547638.0
Q4_2020,DAB,Daytona Beach,FL,325.36,394.37,16860.0
Q4_2020,FLL,Fort Lauderdale,FL,182.59,221.31,585196.0
Q4_2020,RSW,Fort Myers,FL,234.06,283.7,215751.0
Q4_2020,GNV,Gainesville,FL,341.19,413.56,16639.0
Q4_2020,JAX,Jacksonville,FL,282.4,342.3,190561.0
Q4_2020,EYW,Key West,FL,319.98,387.85,16616.0
Q4_2020,MLB,Melbourne,FL,313.54,380.05,12470.0
Q4_2020,MIA,Miami,FL,225.52,273.36,478084.0
Q4_2020,MCO,Orlando,FL,191.31,231.88,845562.0
Q4_2020,ECP,Panama City,FL,281.73,341.49,33188.0
Q4_2020,PNS,Pensacola,FL,289.52,350.93,72946.0
Q4_2020,PGD,Punta Gorda,FL,113.22,137.23,37063.0
Q4_2020,SFB,Sanford,FL,103.67,125.66,48131.0
Q4_2020,SRQ,Sarasota/Bradenton,FL,246.45,298.72,86365.0
Q4_2020,PIE,St. Petersburg,FL,109.53,132.77,48668.0
Q4_2020,TLH,Tallahassee,FL,359.11,435.28,25686.0
Q4_2020,TPA,Tampa,FL,232.18,281.43,534514.0
Q4_2020,VPS,Valparaiso,FL,297.88,361.06,38296.0
Q4_2020,PBI,West Palm Beach/Palm Beach,FL,258.03,312.75,207211.0
Q4_2020,ABY,Albany,GA,396.87,481.05,1697.0
Q4_2020,ATL,Atlanta,GA,260.18,315.37,1012618.0
Q4_2020,AGS,Augusta,GA,340.04,412.16,17458.0
Q4_2020,BQK,Brunswick,GA,418.03,506.7,1856.0
Q4_2020,CSG,Columbus,GA,421.63,511.05,3020.0
Q4_2020,SAV,Savannah,GA,316.74,383.92,85268.0
Q4_2020,VLD,Valdosta,GA,449.48,544.81,2803.0
Q4_2020,ITO,Hilo,HI,151.64,183.81,37948.0
Q4_2020,HNL,Honolulu,HI,320.29,388.23,355128.0
Q4_2020,MKK,Hoolehua,HI,224.57,272.2,39.0
Q4_2020,OGG,Kahului,HI,269.5,326.66,112368.0
Q4_2020,KOA,Kona,HI,259.28,314.27,75880.0
Q4_2020,LNY,Lanai,HI,283.4,343.51,16.0
Q4_2020,LIH,Lihue,HI,262.95,318.72,66233.0
Q4_2020,CID,Cedar Rapids/Iowa City,IA,263.83,319.79,46040.0
Q4_2020,DSM,Des Moines,IA,263.76,319.71,91115.0
Q4_2020,DBQ,Dubuque,IA,246.4,298.66,388.0
Q4_2020,SUX,Sioux City,IA,310.29,376.11,1055.0
Q4_2020,ALO,Waterloo,IA,276.63,335.31,493.0
Q4_2020,BOI,Boise,ID,270.96,328.44,135151.0
Q4_2020,IDA,Idaho Falls,ID,357.63,433.49,17151.0
Q4_2020,LWS,Lewiston,ID,422.55,512.17,3448.0
Q4_2020,PIH,Pocatello,ID,390.18,472.94,1386.0
Q4_2020,SUN,Sun Valley/Hailey/Ketchum,ID,473.83,574.33,4889.0
Q4_2020,TWF,Twin Falls,ID,433.92,525.96,1848.0
Q4_2020,BLV,Belleville,IL,121.25,146.96,11114.0
Q4_2020,BMI,Bloomington/Normal,IL,263.76,319.7,9540.0
Q4_2020,CMI,Champaign/Urbana,IL,354.07,429.17,4867.0
Q4_2020,MDW,Chicago-Midway,IL,207.49,251.5,349329.0
Q4_2020,ORD,Chicago-O'Hare,IL,225.96,273.89,1089038.0
Q4_2020,DEC,Decatur,IL,342.83,415.55,596.0
Q4_2020,MWA,Marion/Herrin,IL,328.29,397.92,227.0
Q4_2020,MLI,Moline,IL,266.85,323.45,20094.0
Q4_2020,PIA,Peoria,IL,235.53,285.49,22607.0
Q4_2020,UIN,Quincy,IL,317.94,385.38,105.0
Q4_2020,RFD,Rockford,IL,132.06,160.07,9435.0
Q4_2020,SPI,Springfield,IL,224.56,272.19,3455.0
Q4_2020,EVV,Evansville,IN,312.84,379.19,10601.0
Q4_2020,FWA,Fort Wayne,IN,273.02,330.92,26685.0
Q4_2020,IND,Indianapolis,IN,263.43,319.3,289135.0
Q4_2020,SBN,South Bend,IN,258.91,313.83,27926.0
Q4_2020,DDC,Dodge City,KS,429.17,520.2,384.0
Q4_2020,GCK,Garden City,KS,322.44,390.83,1613.0
Q4_2020,HYS,Hays,KS,393.81,477.34,735.0
Q4_2020,LBL,Liberal,KS,402.0,487.27,386.0
Q4_2020,MHK,Manhattan/Ft. Riley,KS,403.41,488.98,4941.0
Q4_2020,SLN,Salina,KS,376.12,455.89,764.0
Q4_2020,ICT,Wichita,KS,282.7,342.66,50450.0
Q4_2020,LEX,Lexington,KY,299.83,363.42,42439.0
Q4_2020,SDF,Louisville,KY,268.48,325.42,122639.0
Q4_2020,OWB,Owensboro,KY,131.4,159.27,129.0
Q4_2020,PAH,Paducah,KY,440.49,533.92,376.0
Q4_2020,AEX,Alexandria,LA,383.23,464.52,5014.0
Q4_2020,BTR,Baton Rouge,LA,333.86,404.67,22788.0
Q4_2020,LFT,Lafayette,LA,368.5,446.66,14541.0
Q4_2020,LCH,Lake Charles,LA,423.19,512.95,5431.0
Q4_2020,MLU,Monroe,LA,368.45,446.6,6137.0
Q4_2020,MSY,New Orleans,LA,231.06,280.07,268725.0
Q4_2020,SHV,Shreveport,LA,363.93,441.12,19446.0
Q4_2020,BOS,Boston,MA,243.41,295.04,986868.0
Q4_2020,HYA,Hyannis,MA,287.88,348.93,950.0
Q4_2020,MVY,Martha's Vineyard,MA,415.15,503.2,3230.0
Q4_2020,ACK,Nantucket,MA,322.41,390.8,5436.0
Q4_2020,PVC,Provincetown,MA,632.33,766.45,94.0
Q4_2020,BWI,Baltimore,MD,241.12,292.27,489183.0
Q4_2020,HGR,Hagerstown,MD,103.61,125.58,2783.0
Q4_2020,SBY,Salisbury,MD,338.75,410.6,3343.0
Q4_2020,AUG,Augusta/Waterville,ME,372.0,450.9,161.0
Q4_2020,BGR,Bangor,ME,290.4,351.99,19034.0
Q4_2020,BHB,Bar Harbor,ME,311.4,377.45,193.0
Q4_2020,PWM,Portland,ME,284.23,344.52,65280.0
Q4_2020,PQI,Presque Isle/Houlton,ME,443.45,537.51,1349.0
Q4_2020,RKD,Rockland,ME,293.25,355.45,152.0
Q4_2020,APN,Alpena,MI,407.65,494.11,707.0
Q4_2020,DTW,Detroit,MI,281.75,341.51,572843.0
Q4_2020,ESC,Escanaba,MI,418.2,506.9,951.0
Q4_2020,FNT,Flint,MI,210.28,254.88,19789.0
Q4_2020,GRR,Grand Rapids,MI,272.42,330.2,122792.0
Q4_2020,CMX,Hancock/Houghton,MI,414.7,502.66,1092.0
Q4_2020,IMT,Iron Mountain/Kingsfd,MI,382.11,463.15,1197.0
Q4_2020,IWD,Ironwood,MI,286.78,347.6,148.0
Q4_2020,AZO,Kalamazoo,MI,337.1,408.6,5637.0
Q4_2020,LAN,Lansing,MI,309.45,375.09,6720.0
Q4_2020,MBL,Manistee/Ludington,MI,577.0,699.38,145.0
Q4_2020,MQT,Marquette,MI,361.52,438.2,2316.0
Q4_2020,MKG,Muskegon,MI,359.12,435.29,107.0
Q4_2020,PLN,Pellston,MI,417.66,506.24,1430.0
Q4_2020,MBS,Saginaw/Bay City/Midland,MI,435.94,528.4,6283.0
Q4_2020,CIU,Sault Ste. Marie,MI,418.09,506.77,1670.0
Q4_2020,TVC,Traverse City,MI,335.35,406.48,19320.0
Q4_2020,BJI,Bemidji,MN,452.88,548.94,1737.0
Q4_2020,BRD,Brainerd,MN,425.48,515.72,964.0
Q4_2020,DLH,Duluth,MN,354.53,429.73,7375.0
Q4_2020,HIB,Hibbing,MN,430.19,521.44,660.0
Q4_2020,INL,International Falls,MN,418.15,506.84,580.0
Q4_2020,MKT,Mankato,MN,264.0,320.0,
Q4_2020,MSP,Minneapolis,MN,265.08,321.3,657943.0
Q4_2020,RST,Rochester,MN,282.08,341.91,4832.0
Q4_2020,STC,St. Cloud,MN,163.14,197.75,1726.0
Q4_2020,TVF,Thief River Falls,MN,432.0,523.63,96.0
Q4_2020,BKG,Branson,MO,89.48,108.46,105.0
Q4_2020,CGI,Cape Girardeau,MO,431.02,522.44,155.0
Q4_2020,COU,Columbia,MO,369.33,447.66,5375.0
Q4_2020,TBN,Fort Leonard Wood,MO,305.82,370.69,177.0
Q4_2020,JLN,Joplin,MO,352.01,426.67,681.0
Q4_2020,MCI,Kansas City,MO,278.59,337.68,297424.0
Q4_2020,IRK,Kirksville,MO,483.18,585.66,133.0
Q4_2020,SGF,Springfield,MO,301.96,366.01,37755.0
Q4_2020,STL,St. Louis,MO,262.66,318.38,317689.0
Q4_2020,GTR,Columbus,MS,462.59,560.71,2412.0
Q4_2020,GLH,Greenville,MS,321.6,389.81,61.0
Q4_2020,GPT,Gulfport/Biloxi,MS,324.84,393.74,16550.0
Q4_2020,PIB,Hattiesburg/Laurel,MS,406.99,493.31,484.0
Q4_2020,JAN,Jackson/Vicksburg,MS,384.17,465.66,35868.0
Q4_2020,MEI,Meridian,MS,435.45,527.82,844.0
Q4_2020,TUP,Tupelo,MS,333.58,404.34,126.0
Q4_2020,BIL,Billings,MT,317.58,384.94,25278.0
Q4_2020,BZN,Bozeman,MT,325.1,394.05,56214.0
Q4_2020,BTM,Butte,MT,422.29,511.86,907.0
Q4_2020,GDV,Glendive,MT,245.33,297.37,29.0
Q4_2020,GTF,Great Falls,MT,341.65,414.12,10663.0
Q4_2020,HVR,Havre,MT,604.0,732.11,14.0
Q4_2020,HLN,Helena,MT,405.5,491.51,5609.0
Q4_2020,FCA,Kalispell,MT,349.04,423.07,21498.0
Q4_2020,MSO,Missoula,MT,318.22,385.72,25558.0
Q4_2020,SDY,Sidney,MT,357.22,432.99,67.0
Q4_2020,WYS,West Yellowstone,MT,282.25,342.12,259.0
Q4_2020,OLF,Wolf Point,MT,309.0,374.54,19.0
Q4_2020,AVL,Asheville,NC,232.94,282.35,52773.0
Q4_2020,CLT,Charlotte,NC,283.3,343.39,446301.0
Q4_2020,USA,Concord,NC,101.1,122.55,6582.0
Q4_2020,FAY,Fayetteville,NC,352.96,427.83,10527.0
Q4_2020,GSO,Greensboro/High Point,NC,308.7,374.18,52146.0
Q4_2020,PGV,Greenville,NC,234.73,284.51,2490.0
Q4_2020,OAJ,Jacksonville/Camp Lejeune,NC,372.66,451.7,8903.0
Q4_2020,EWN,New Bern/Morehead/Beaufort,NC,366.32,444.02,5024.0
Q4_2020,RDU,Raleigh/Durham,NC,263.98,319.97,403082.0
Q4_2020,ILM,Wilmington,NC,341.77,414.26,38008.0
Q4_2020,BIS,Bismarck/Mandan,ND,301.49,365.44,17904.0
Q4_2020,DVL,Devils Lake,ND,445.9,540.48,390.0
Q4_2020,DIK,Dickinson,ND,432.5,524.24,1442.0
Q4_2020,FAR,Fargo,ND,313.36,379.83,32694.0
Q4_2020,GFK,Grand Forks,ND,379.63,460.15,5419.0
Q4_2020,JMS,Jamestown,ND,439.05,532.18,407.0
Q4_2020,MOT,Minot,ND,370.26,448.8,10415.0
Q4_2020,XWA,Williston,ND,501.63,608.03,6630.0
Q4_2020,AIA,Alliance,NE,442.33,536.15,92.0
Q4_2020,CDR,Chadron,NE,370.83,449.49,29.0
Q4_2020,GRI,Grand Island,NE,224.44,272.04,3849.0
Q4_2020,EAR,Kearney,NE,445.76,540.31,618.0
Q4_2020,LNK,Lincoln,NE,371.14,449.86,6629.0
Q4_2020,MCK,McCook,NE,508.0,615.75,67.0
Q4_2020,LBF,North Platte,NE,404.77,490.62,919.0
Q4_2020,OMA,Omaha,NE,282.01,341.83,143403.0
Q4_2020,BFF,Scottsbluff,NE,423.4,513.21,635.0
Q4_2020,LEB,Lebanon-Hanover,NH,337.0,408.48,231.0
Q4_2020,MHT,Manchester,NH,296.39,359.26,37031.0
Q4_2020,PSM,Portsmouth,NH,133.38,161.67,3847.0
Q4_2020,ACY,Atlantic City,NJ,100.66,122.02,28530.0
Q4_2020,EWR,Newark,NJ,232.26,281.52,940299.0
Q4_2020,TTN,Trenton,NJ,111.55,135.22,16828.0
Q4_2020,ABQ,Albuquerque,NM,269.43,326.58,133295.0
Q4_2020,CNM,Carlsbad,NM,418.25,506.96,
Q4_2020,CVN,Clovis,NM,458.55,555.81,247.0
Q4_2020,HOB,Hobbs,NM,305.83,370.69,1481.0
Q4_2020,ROW,Roswell,NM,417.44,505.98,2702.0
Q4_2020,SAF,Santa Fe,NM,339.06,410.97,7660.0
Q4_2020,EKO,Elko,NV,503.76,610.62,773.0
Q4_2020,LAS,Las Vegas,NV,194.34,235.56,675568.0
Q4_2020,RNO,Reno,NV,274.42,332.63,109805.0
Q4_2020,ALB,Albany,NY,269.2,326.3,88845.0
Q4_2020,BGM,Binghamton,NY,348.68,422.64,1769.0
Q4_2020,BUF,Buffalo,NY,247.67,300.2,146872.0
Q4_2020,ELM,Elmira/Corning,NY,281.9,341.69,5534.0
Q4_2020,ISP,Islip,NY,193.09,234.04,42627.0
Q4_2020,ITH,Ithaca/Cortland,NY,338.88,410.76,3911.0
Q4_2020,MSS,Massena,NY,401.83,487.06,52.0
Q4_2020,JFK,New York-JFK,NY,271.59,329.2,750626.0
Q4_2020,LGA,New York-La Guardia,NY,223.85,271.32,795129.0
Q4_2020,SWF,Newburgh/Poughkeepsie,NY,102.77,124.56,6432.0
Q4_2020,IAG,Niagara Falls,NY,95.6,115.88,4190.0
Q4_2020,OGS,Ogdensburg,NY,341.04,413.38,204.0
Q4_2020,PBG,Plattsburgh,NY,178.18,215.97,6860.0
Q4_2020,ROC,Rochester,NY,265.37,321.65,81114.0
Q4_2020,SLK,Saranac Lake/Lake Placid,NY,595.0,721.2,86.0
Q4_2020,SYR,Syracuse,NY,285.04,345.5,94536.0
Q4_2020,ART,Watertown,NY,315.65,382.6,1484.0
Q4_2020,HPN,White Plains,NY,230.32,279.17,85416.0
Q4_2020,CAK,Akron,OH,278.21,337.21,25340.0
Q4_2020,CVG,Cincinnati,OH,236.86,287.1,254552.0
Q4_2020,CLE,Cleveland,OH,219.99,266.66,275340.0
Q4_2020,CMH,Columbus,OH,266.0,322.42,244751.0
Q4_2020,LCK,Columbus,OH,117.94,142.96,10393.0
Q4_2020,DAY,Dayton,OH,304.32,368.87,35189.0
Q4_2020,TOL,Toledo,OH,190.6,231.02,4355.0
Q4_2020,LAW,Lawton/Fort Sill,OK,376.82,456.74,2405.0
Q4_2020,OKC,Oklahoma City,OK,288.12,349.23,121164.0
Q4_2020,SWO,Stillwater,OK,343.85,416.79,2029.0
Q4_2020,TUL,Tulsa,OK,281.76,341.52,88037.0
Q4_2020,RDM,Bend/Redmond,OR,302.2,366.3,33127.0
Q4_2020,EUG,Eugene,OR,287.97,349.05,48046.0
Q4_2020,MFR,Medford,OR,299.76,363.34,28387.0
Q4_2020,OTH,North Bend/Coos Bay,OR,357.7,433.57,780.0
Q4_2020,PDT,Pendleton,OR,351.14,425.62,17.0
Q4_2020,PDX,Portland,OR,286.32,347.05,441785.0
Q4_2020,ABE,Allentown/Bethlehem/Easton,PA,230.59,279.5,29795.0
Q4_2020,AOO,Altoona,PA,422.5,512.11,134.0
Q4_2020,BFD,Bradford,PA,579.5,702.41,62.0
Q4_2020,DUJ,DuBois,PA,479.13,580.75,140.0
Q4_2020,ERI,Erie,PA,309.43,375.06,2916.0
Q4_2020,MDT,Harrisburg,PA,305.62,370.44,42667.0
Q4_2020,JST,Johnstown,PA,292.75,354.84,813.0
Q4_2020,LNS,Lancaster,PA,570.25,691.2,320.0
Q4_2020,LBE,Latrobe,PA,83.71,101.46,5672.0
Q4_2020,PHL,Philadelphia,PA,232.13,281.36,618958.0
Q4_2020,PIT,Pittsburgh,PA,255.75,309.99,273272.0
Q4_2020,AVP,Scranton/Wilkes-Barre,PA,326.66,395.95,14115.0
Q4_2020,SCE,State College,PA,340.76,413.03,7557.0
Q4_2020,IPT,Williamsport,PA,251.75,305.15,39.0
Q4_2020,MAZ,Mayaguez,PR,277.75,336.66,57.0
Q4_2020,SJU,San Juan,PR,176.23,213.61,262979.0
Q4_2020,VQS,Vieques,PR,795.0,963.62,59.0
Q4_2020,PVD,Providence,RI,238.28,288.81,123931.0
Q4_2020,CHS,Charleston,SC,281.46,341.16,144183.0
Q4_2020,CAE,Columbia,SC,337.68,409.3,35315.0
Q4_2020,FLO,Florence,SC,281.71,341.46,1496.0
Q4_2020,GSP,Greer,SC,304.85,369.51,74606.0
Q4_2020,HHH,Hilton Head,SC,328.65,398.36,3578.0
Q4_2020,MYR,Myrtle Beach,SC,250.61,303.76,67308.0
Q4_2020,ABR,Aberdeen,SD,429.7,520.85,1417.0
Q4_2020,PIR,Pierre,SD,464.54,563.08,507.0
Q4_2020,RAP,Rapid City,SD,321.49,389.68,20028.0
Q4_2020,FSD,Sioux Falls,SD,295.32,357.96,40697.0
Q4_2020,ATY,Watertown,SD,442.16,535.95,281.0
Q4_2020,TRI,Bristol/Johnson City/Kingsport,TN,353.73,428.76,12639.0
Q4_2020,CHA,Chattanooga,TN,326.11,395.28,31471.0
Q4_2020,TYS,Knoxville,TN,297.47,360.56,80983.0
Q4_2020,MEM,Memphis,TN,269.57,326.75,133439.0
Q4_2020,BNA,Nashville,TN,243.22,294.81,441195.0
Q4_2020,GUM,Guam,TT,1413.75,1713.61,4466.0
Q4_2020,SPN,Saipan,TT,1003.03,1215.78,1357.0
Q4_2020,ABI,Abilene,TX,372.8,451.87,5572.0
Q4_2020,AMA,Amarillo,TX,287.97,349.05,21618.0
Q4_2020,AUS,Austin,TX,267.34,324.05,472888.0
Q4_2020,BPT,Beaumont/Port Arthur,TX,328.94,398.71,2120.0
Q4_2020,BRO,Brownsville,TX,307.49,372.71,12172.0
Q4_2020,CLL,College Station/Bryan,TX,318.46,386.01,3669.0
Q4_2020,CRP,Corpus Christi,TX,322.88,391.36,19530.0
Q4_2020,DFW,Dallas-DFW,TX,269.53,326.7,894683.0
Q4_2020,DAL,Dallas-Love Field,TX,229.94,278.72,289935.0
Q4_2020,DRT,Del Rio,TX,275.89,334.41,
Q4_2020,ELP,El Paso,TX,288.18,349.31,120309.0
Q4_2020,HRL,Harlingen/San Benito,TX,239.66,290.5,29191.0
Q4_2020,HOU,Houston-Hobby,TX,240.53,291.55,229047.0
Q4_2020,IAH,Houston-Intercontinental,TX,267.59,324.35,627878.0
Q4_2020,GRK,Killeen,TX,325.03,393.97,5882.0
Q4_2020,LRD,Laredo,TX,318.54,386.1,9858.0
Q4_2020,GGG,Longview,TX,340.15,412.3,2190.0
Q4_2020,LBB,Lubbock,TX,288.5,349.7,30395.0
Q4_2020,MAF,Midland/Odessa,TX,303.18,367.48,41759.0
Q4_2020,MFE,Mission/McAllen/Edinburg,TX,300.44,364.16,39274.0
Q4_2020,SJT,San Angelo,TX,371.62,450.44,2754.0
Q4_2020,SAT,San Antonio,TX,299.82,363.41,261417.0
Q4_2020,TYR,Tyler,TX,365.48,443.0,3286.0
Q4_2020,VCT,Victoria,TX,383.66,465.03,783.0
Q4_2020,ACT,Waco,TX,371.98,450.88,3244.0
Q4_2020,SPS,Wichita Falls,TX,341.72,414.2,1907.0
Q4_2020,CDC,Cedar City,UT,363.14,440.16,732.0
Q4_2020,CNY,Moab,UT,337.0,408.48,241.0
Q4_2020,OGD,Ogden,UT,102.48,124.22,1155.0
Q4_2020,PVU,Provo,UT,117.88,142.89,27400.0
Q4_2020,SLC,Salt Lake City,UT,314.2,380.85,434499.0
Q4_2020,SGU,St. George,UT,330.86,401.04,7927.0
Q4_2020,VEL,Vernal,UT,435.6,527.99,303.0
Q4_2020,CHO,Charlottesville,VA,312.04,378.22,20466.0
Q4_2020,LYH,Lynchburg,VA,334.8,405.81,4980.0
Q4_2020,PHF,Newport News/Williamsburg,VA,352.84,427.68,3955.0
Q4_2020,ORF,Norfolk,VA,314.27,380.93,135070.0
Q4_2020,RIC,Richmond,VA,282.65,342.6,145166.0
Q4_2020,ROA,Roanoke,VA,332.2,402.66,21008.0
Q4_2020,SHD,Staunton,VA,389.7,472.36,349.0
Q4_2020,STT,Charlotte Amalie,VI,295.12,357.71,23386.0
Q4_2020,STX,Christiansted,VI,332.51,403.03,8986.0
Q4_2020,BTV,Burlington,VT,327.31,396.74,36575.0
Q4_2020,RUT,Rutland,VT,303.33,367.67,124.0
Q4_2020,BLI,Bellingham,WA,217.67,263.83,17664.0
Q4_2020,PAE,Everett,WA,285.26,345.76,19523.0
Q4_2020,PSC,Pasco/Kennewick/Richland,WA,337.81,409.46,27906.0
Q4_2020,PUW,Pullman,WA,319.76,387.58,3643.0
Q4_2020,SEA,Seattle,WA,285.09,345.56,880202.0
Q4_2020,GEG,Spokane,WA,284.24,344.53,112587.0
Q4_2020,ALW,Walla Walla,WA,299.15,362.61,1977.0
Q4_2020,EAT,Wenatchee,WA,326.57,395.84,2587.0
Q4_2020,YKM,Yakima,WA,346.65,420.18,2476.0
Q4_2020,ATW,Appleton,WI,272.45,330.24,35369.0
Q4_2020,EAU,Eau Claire,WI,366.47,444.2,1210.0
Q4_2020,GRB,Green Bay,WI,354.62,429.84,18187.0
Q4_2020,LSE,La Crosse,WI,313.06,379.46,1939.0
Q4_2020,MSN,Madison,WI,325.38,394.39,67201.0
Q4_2020,MKE,Milwaukee,WI,279.13,338.33,179994.0
Q4_2020,CWA,Mosinee,WI,364.31,441.58,5375.0
Q4_2020,RHI,Rhinelander,WI,421.54,510.95,1431.0
Q4_2020,HTS,Ashland,WV,99.8,120.97,6189.0
Q4_2020,BKW,Beckley,WV,372.36,451.34,206.0
Q4_2020,CRW,Charleston/Dunbar,WV,365.19,442.65,11747.0
Q4_2020,CKB,Clarksburg/Fairmont,WV,202.38,245.3,2195.0
Q4_2020,LWB,Lewisburg,WV,384.91,466.55,236.0
Q4_2020,MGW,Morgantown,WV,376.36,456.19,201.0
Q4_2020,PKB,Parkersburg,WV,375.85,455.57,174.0
Q4_2020,CPR,Casper,WY,437.72,530.56,5500.0
Q4_2020,CYS,Cheyenne,WY,440.55,533.99,1741.0
Q4_2020,COD,Cody,WY,411.37,498.62,1631.0
Q4_2020,GCC,Gillette,WY,452.17,548.07,1653.0
Q4_2020,JAC,Jackson,WY,422.0,511.51,16840.0
Q4_2020,LAR,Laramie,WY,393.95,477.5,961.0
Q4_2020,RIW,Riverton/Lander,WY,496.82,602.2,1179.0
Q4_2020,RKS,Rock Springs,WY,447.38,542.27,1198.0
Q4_2020,SHR,Sheridan,WY,491.89,596.23,1488.0
